Building,Utility,Unit,Meter no.,Date,00:30,01:00,01:30,02:00,02:30,03:00,03:30,04:00,04:30,05:00,05:30,06:00,06:30,07:00,07:30,08:00,08:30,09:00,09:30,10:00,10:30,11:00,11:30,12:00,12:30,13:00,13:30,14:00,14:30,15:00,15:30,16:00,16:30,17:00,17:30,18:00,18:30,19:00,19:30,20:00,20:30,21:00,21:30,22:00,22:30,23:00,23:30,24:00:00
Building 2,Electricity,KWh,Meter 1,10/03/2013,2.2,2.4,2.7,2.4,2.3,2.6,2.6,2.3,2.3,2.8,2.4,2.4,2.5,2.8,2.3,2.5,2.4,3,2.3,2.6,3.1,2.5,2.5,2.5,2.9,2.4,2.7,2.5,2.9,2.4,2.6,2.8,2.5,2.4,2.6,2.9,2.6,2.4,3,2.4,2.7,2.4,3,2.6,2.7,2.7,2.7,2.3
Building 2,Electricity,KWh,Meter 1,11/03/2013,2.7,2.8,2.9,2.5,3.3,2.9,3,3.2,3.1,2.9,3.2,3.2,3,3.6,5.5,9.4,10.4,11.2,10.8,10.9,12.9,12.5,13.5,12.1,11.6,11.8,11.5,11.2,12,11.6,11.8,10.3,9.7,8.3,8,8.9,8.8,8.5,8,5.2,5.2,4.2,2.9,3.4,4.5,2.8,3.3,4.7
Building 2,Electricity,KWh,Meter 1,13/03/2013,2.4,3.1,2.3,2.7,2.7,3.1,2.8,2.9,3,3.1,2.8,2.7,2.8,3.4,3.5,4.1,3.9,4.4,5.2,9,8.9,9.8,9.1,8.9,9.1,9.2,8.9,8.6,9,9.4,8.6,8.3,9.6,8.7,8.4,6.3,4.8,4.6,4.4,2.8,2.3,2.5,2.2,2.8,2.3,2.5,2.5,2.5
Building 2,Electricity,KWh,Meter 1,14/03/2013,2.2,2.3,2.6,2.4,2.6,2.8,3,2.8,2.7,2.8,3,2.7,2.7,3.2,3.6,3.6,4,3.8,3.7,4,5.4,7.9,7.8,9.2,9.7,10.2,10.3,9.9,10.1,10,9.9,13,11.3,9.8,6.6,7.9,8.6,8.1,8.2,4.8,4.9,4.6,5.1,4.6,3.2,2.4,3.6,2.4
Building 2,Electricity,KWh,Meter 1,15/03/2013,2.9,2.7,3.2,2.7,3,3.2,3.3,3.2,3,3.3,3.2,3.3,2.9,3.7,3.7,4.8,10.2,10.1,11.3,9.9,10.1,9.8,9.8,9.7,10.7,11.1,10.3,9.9,10.9,10.5,10.1,10.4,10.3,9.4,7.5,6.6,7.9,8.7,8,7.7,4.9,4.7,4.9,5.1,5.1,4,2.8,3.6
Building 2,Electricity,KWh,Meter 1,17/03/2013,2.3,2.8,2.4,2.4,2.8,2.4,2.4,2.3,2.6,2.5,2.3,2.7,2.5,2.4,2.2,2.8,2.3,2.2,2.8,2.2,2.5,2.3,2.7,2.3,2.5,2.6,2.5,2.2,2.7,2.5,2.4,2.2,2.5,2.4,2.2,2.2,2.6,2.3,2.3,2.7,2.3,2.2,2.3,2.6,2.4,2.2,2.6,2.2
Building 2,Electricity,KWh,Meter 1,18/03/2013,2.3,2.3,2.6,2.5,2.6,3,2.6,2.7,2.9,2.8,2.6,2.7,3.2,3.3,4,6.9,7.2,7.4,8.1,7.9,8.2,9.5,9.4,12,12.4,11.6,10.8,11.8,10.4,9.8,9.7,9,9.4,8.9,8.7,8.3,5.2,5.2,5,4.6,2.9,2.6,2.6,2.5,2.8,2.7,2.3,2.5
Building 2,Electricity,KWh,Meter 1,19/03/2013,2.7,2.6,2.3,2.7,3.2,2.8,2.8,2.9,3.5,3.1,3,2.8,3.1,3.1,3.5,3.4,4,3.7,5.4,9.5,11,11.6,11.4,10.8,11,10.6,10,10.2,9.6,10.5,10.3,9.9,9.4,8.8,7,7.7,8.7,8.4,8.5,5.3,4.9,5,4.8,4.8,2.3,2.4,2.6,2.6
Building 2,Electricity,KWh,Meter 1,20/03/2013,2.6,2.2,2.6,2.6,2.6,2.7,3.1,2.9,2.8,2.7,2.9,3,2.8,3,3.8,5.6,10.3,9.9,10.4,9.8,10.3,10.8,10.2,9.7,9.7,11.8,10.4,9.9,9.8,9.3,10.1,9.4,9.2,9.9,9.4,8.9,8.4,6.6,5.9,5.5,5.7,5.5,5.2,3.2,3.6,4,3.3,4.2
Building 2,Electricity,KWh,Meter 1,21/03/2013,3.2,4,3.3,3.2,4,3.8,4,3.6,3.9,3.8,4.1,3.9,4,4.3,5.4,11.4,11.6,10.5,10.5,10.3,10.5,10,10,10.9,11.1,10.2,11,10.8,11,11.7,11.6,11.1,10.2,9.6,9.2,7.4,8.5,9.2,8.9,8.3,5.9,6.1,5.9,4.5,3.4,4.4,3.9,3.4
Building 2,Electricity,KWh,Meter 1,23/03/2013,2.8,2.5,3.8,2.6,3,2.6,2.6,2.8,2.5,2.9,2.5,2.9,2.8,3.2,2.5,3.3,2.9,2.5,3.7,2.6,3.4,3.4,2.7,4.2,2.7,3.1,3.8,2.8,3.9,3.2,2.6,3.9,2.8,3.9,2.7,2.8,3.6,2.6,3.8,2.7,2.9,4,2.8,3.6,2.7,2.7,3.5,2.6
Building 2,Electricity,KWh,Meter 1,24/03/2013,3.7,2.6,3.3,2.6,2.8,3.1,2.6,3.2,2.8,3.2,2.7,3.2,2.6,3.3,2.8,3,2.7,3,3,2.9,2.9,2.7,3,2.9,3.3,2.9,3.1,2.7,3,2.9,2.9,2.8,3,2.8,3,2.8,2.8,2.9,2.6,2.9,3,2.8,2.6,2.9,2.8,2.7,2.7,2.9
Building 2,Electricity,KWh,Meter 1,25/03/2013,2.8,2.7,2.8,2.8,3.1,3,3.1,3.2,3.1,3.2,3,3.1,3.4,6.2,7,8.9,9.2,9,9.6,10.8,9.8,8.4,9.4,8.6,9.2,8.8,8.9,9.3,9.1,8.2,8.8,9,7.1,6.6,7.7,8.1,7.5,7.4,5,5,5,2.8,2.7,3.4,3,3.6,2.9,3.4
Building 2,Electricity,KWh,Meter 1,26/03/2013,2.8,3.3,2.8,2.8,3,3,3.1,3.2,3.3,3.1,3.1,3,3.1,3.4,3.3,6,8,8.3,8,8.4,11.4,9,9,9.2,10,9.5,9.6,9.3,10.9,9.4,8.8,8.4,7.6,6.9,6.3,7.8,7.6,7.4,7,4.9,4.8,4.8,5,4.7,3.9,2.6,3.6,2.6
Building 2,Electricity,KWh,Meter 1,27/03/2013,2.6,3.4,2.7,4.1,3,2.9,3.6,2.9,3.4,3.1,3.3,3,3.4,3.3,3.6,3.5,3.3,3.8,4.4,7,7.3,10,9.6,10.3,9.9,10.1,9.7,8.8,8.7,8.6,8.9,9.3,7.7,6.5,7.4,8,7.5,7.3,5,4.8,4.7,4.7,2.5,2.6,3.3,2.7,3.3,2.5
Building 2,Electricity,KWh,Meter 1,28/03/2013,3,2.5,3,2.5,3.1,3.1,3.1,3.2,2.9,3.2,2.9,3.1,2.8,3.5,3.6,3.8,3.6,4.9,9.1,9.4,9.5,9.5,8.8,9.2,9.3,9.4,10,9.5,9.9,10.6,9.4,9.9,9.2,7.3,7,7.4,7.6,7.4,7.2,5,4.8,4.8,4.9,4.7,3.6,2.4,3.6,2.9
Building 2,Electricity,KWh,Meter 1,29/03/2013,2.5,3.3,2.6,3.3,2.8,3.3,2.9,3.5,2.9,2.9,3.1,3.1,3.2,3.2,3,2.8,3.4,2.9,3.2,3.1,3.4,3,3.4,3.1,3.5,3.2,3.1,3.5,2.9,3.5,3,4.6,3,3.2,4,3.3,3.9,2.4,2.6,3.6,2.6,3.4,2.6,2.8,3.3,2.6,3.1,2.5
Building 2,Electricity,KWh,Meter 1,30/03/2013,3.1,2.6,2.9,2.8,3,2.5,2.7,2.6,2.6,2.7,2.5,2.7,2.7,2.7,2.7,2.7,2.5,2.6,2.5,2.8,2.7,2.5,2.5,2.6,2.5,2.9,2.6,2.7,2.7,2.7,2.7,2.6,2.5,2.6,2.5,2.7,2.6,2.6,2.5,2.6,2.6,2.5,2.5,2.8,2.7,2.8,2.5,2.6
Building 2,Electricity,KWh,Meter 1,31/03/2013,2.6,2.9,2.6,2.9,2.6,2.8,2.5,2.6,2.7,2.8,2.6,2.9,2.8,2.6,2.5,2.6,2.7,2.6,2.7,2.7,2.9,2.7,2.7,2.6,2.8,2.5,2.8,2.5,2.7,2.8,2.7,2.5,2.8,2.7,2.8,2.7,2.6,2.8,2.8,2.6,2.7,2.9,2.7,2.7,2.7,2.6,2.6,2.5
Building 2,Electricity,KWh,Meter 1,01/04/2013,2.7,2.8,2.9,3.1,3.1,2.9,3,3.1,2.9,3,2.9,3.8,2.9,3,3.1,3.1,2.9,3,3.3,3,3,3.1,3.4,3.1,3.2,3.2,3.1,3.2,3.2,3.3,3.1,2.9,2.9,3,2.5,2.5,2.9,2.6,2.6,2.6,2.6,2.5,2.5,2.7,2.5,2.7,2.8,2.7
Building 2,Electricity,KWh,Meter 1,02/04/2013,2.6,2.8,3,2.9,3,3.3,3,2.9,3.1,2.9,2.9,3.5,3.6,3.8,5.6,7.2,7.7,7.6,8.2,7.6,7.7,8,7.8,8.2,7.9,7.7,8.6,7.7,8.2,7.9,9.8,9.3,6.8,7.5,3.4,2.5,2.6,2.5,2.8,2.6,2.5,2.5,2.6,2.5,2.8,2.5,2.7,2.7
Building 2,Electricity,KWh,Meter 1,03/04/2013,2.8,2.4,2.9,2.9,3.2,2.9,3.1,2.9,3.4,3.8,6.5,7.8,8.1,8.1,8.4,8.8,9.6,9.8,10.1,10.9,10.1,11,9.9,10,10.5,9.7,9.8,9.3,9.3,8.1,10,9,8.2,7.6,5.1,5,5,5,3.4,2.7,4.6,4.5,2.7,3,4.7,2.5,2.6,3.1
Building 2,Electricity,KWh,Meter 1,04/04/2013,2.7,3,3,3.5,2.9,3.3,2.9,3.3,3.1,3.3,3.4,3.2,4.2,3.7,8.9,9.8,10.8,10,10.6,9.6,9.8,9.9,10.4,11.1,9.9,9.1,9.3,10.6,10.9,9.4,8.4,6.8,6.5,7.9,7.9,7.6,7.3,4.9,5,4.8,4.2,2.6,3.7,3.7,2.5,3.7,2.6,2.5
Building 2,Electricity,KWh,Meter 1,07/04/2013,2.7,2.6,2.3,2.7,2.3,2.7,2.5,2.6,2.5,2.6,2.5,2.5,2.6,2.6,2.3,2.5,2.7,2.4,2.8,2.4,2.6,2.8,2.7,2.5,2.8,2.6,2.7,2.5,2.6,2.5,2.7,2.6,2.8,2.6,2.5,2.4,2.5,2.5,2.7,2.7,2.9,2.5,2.6,2.5,2.8,2.5,2.5,2.4
Building 2,Electricity,KWh,Meter 1,09/04/2013,2.5,3.5,2.8,3.6,2.9,2.9,3.3,2.9,3.5,2.9,4.1,3.2,3.8,4.8,8.1,8.4,9.4,9.8,10,10.3,10.5,10.7,10.5,9.8,8.8,9.6,8.6,8.2,8.2,7.4,9,8.4,8,7.1,5.5,5.3,5,5.1,4.9,4.5,2.5,2.5,2.5,2.6,2.2,2.6,2.3,2.5
Building 2,Electricity,KWh,Meter 1,10/04/2013,2.3,2.5,3.1,2.9,2.8,2.8,2.9,2.6,2.9,2.8,2.9,3.5,3.2,3.2,3.6,3.4,4,7.9,8.3,8.1,8.7,9.3,9.6,9.4,8.8,8.6,9.2,8.9,7.7,7.8,9.5,8.9,8.4,8,5.2,5.1,5.1,5.1,3.8,2.7,3.3,2.4,3.1,3.6,2.7,4.3,2.7,2.5
Building 2,Electricity,KWh,Meter 1,11/04/2013,3.5,2.7,3.4,2.9,3.3,2.7,3,2.9,2.8,2.8,2.9,3.1,3.9,3.6,4.6,7.4,9,10.1,10,10.8,10.1,9.9,9.7,10.6,9.8,9,9.6,10.1,9.7,9.7,8.5,6.9,6.5,7.7,7.6,7.4,6.4,4.7,4.9,4.6,4.7,3.3,2.5,3.3,2.6,2.9,2.5,2.7
Building 2,Electricity,KWh,Meter 1,12/04/2013,2.6,2.3,3.1,3.1,3.1,2.9,2.9,2.7,2.9,2.8,2.8,3.2,3.7,3.9,4.5,4.1,7.3,7.6,8.1,8.3,9.7,9.3,7.5,10.1,9.8,9.7,10.5,9.6,10,9.8,10.7,8.9,9.7,9.4,8.3,8.3,5.7,5.1,5.1,5.1,5.1,5.3,4.8,4.8,2.8,2.3,3,2.4
Building 2,Electricity,KWh,Meter 1,14/04/2013,2.8,2.7,2.9,2.9,2.7,2.7,2.8,2.7,2.9,3,3,2.8,2.7,2.6,2.8,2.8,2.9,2.8,3,2.5,2.8,2.6,2.7,2.6,3.1,2.7,2.6,2.7,2.6,2.5,2.5,2.5,2.9,2.3,2.6,2.4,2.5,2.4,2.6,2.6,2.7,2.5,2.7,2.4,2.4,2.7,2.7,2.5
Building 2,Electricity,KWh,Meter 1,16/04/2013,2.9,3.3,3.3,3.5,3.3,3.5,3,3.2,2.8,3,3,3.4,3.7,3.8,4.4,4.3,6.9,10.3,10.1,10.3,9.8,10.6,10.4,10.2,11.4,9.3,10,10.5,9.2,9.9,9.4,9,9,8,6.4,7,7.7,7.7,8,5.4,5.1,5,4.8,3.5,2.4,2.7,2.2,2.7
Building 2,Electricity,KWh,Meter 1,17/04/2013,2.3,2.5,2.7,2.8,3.1,3.2,3,3.1,3.2,3.2,3.3,3.2,3.2,3.8,4.3,4,7.5,8.8,9.6,10.9,10,9.6,9.9,9.3,9.7,9.7,9.7,9.4,9,9.7,8.2,6.5,6.7,7.8,7.7,8,6.4,4.9,5.1,5.2,5.1,5.2,4.9,5.1,4.2,2.9,3.9,5.2
Building 2,Electricity,KWh,Meter 1,18/04/2013,3.6,2.6,4.9,5.2,3.2,3,4.6,2.8,3.8,4.6,2.9,4.2,6.1,3.4,4.5,5.2,3.4,6.1,7.4,7.8,8.7,9.7,11,10.1,11.9,13.7,10.3,9.1,9.5,8.5,9.7,9.1,7.3,7.4,8.7,8.2,8.7,6.7,5.5,5.8,5.1,3.1,3.2,4.8,2.9,3.7,5.1,3.2
Building 2,Electricity,KWh,Meter 1,19/04/2013,3.1,4.3,3.1,3.6,3.1,3.4,3.4,3.2,3.3,3.1,3.1,3.4,4.4,3.6,3.9,3.8,6.8,10.4,10.4,9.8,9.4,9.5,9.4,9.5,9.1,9.7,9.8,9.5,8.9,9.6,11.4,11.9,7,6.4,7.4,8.2,7.8,7.6,5.3,5.2,5,4.6,2.5,3.3,2.6,2.8,2.7,2.6
Building 2,Electricity,KWh,Meter 1,21/04/2013,3,2.6,2.7,2.7,2.6,2.8,2.7,2.8,2.7,2.8,2.5,3,2.5,2.8,2.7,2.7,2.8,2.7,2.5,2.7,2.7,2.8,2.9,3,2.8,2.8,2.6,3.2,2.7,2.8,2.7,2.9,2.7,2.8,2.6,2.6,2.7,2.7,2.6,2.6,2.7,2.9,2.7,2.6,2.8,3.1,2.6,2.8
Building 2,Electricity,KWh,Meter 1,23/04/2013,2.8,3.7,3,3.4,2.7,2.8,3,2.8,2.9,2.7,2.7,3,3.6,3.2,4.1,4.6,7.2,7.7,8.1,11,7.7,8.1,7.8,8.6,9.4,9.5,9.3,9.6,9.2,9.2,9,8.3,6.4,6.3,8,7.9,7.8,6.7,4.9,5,5,5.1,4.8,4.7,3.2,2.4,2.9,2.6
Building 2,Electricity,KWh,Meter 1,24/04/2013,3.2,2.8,2.9,2.6,2.8,2.5,2.8,2.9,2.8,2.6,2.8,2.9,3.2,3.3,3.7,4,7.8,7.9,8,8.5,9.1,8.9,10.4,9.5,10.2,9.3,9.6,10.5,9.4,8.6,9.2,9.2,7.4,6.3,7.2,7.8,7.6,7.6,4.8,4.9,4.8,4.9,3.9,2.5,3,2.9,2.6,2.6
Building 2,Electricity,KWh,Meter 1,25/04/2013,2.5,2.6,2.5,2.6,2.6,2.5,2.8,2.5,2.8,2.6,2.6,2.9,3.1,2.7,3.3,3.6,5.9,9,10.4,9.2,7,6.9,8.1,7.1,6.6,7.5,11.4,11.6,9.5,10.6,9.9,10.1,7.5,7,7,8.6,8.2,8.4,7.3,5.7,5.5,5.6,5.6,5.2,3.9,2.9,3.4,3
Building 2,Electricity,KWh,Meter 1,26/04/2013,2.9,3,3.1,2.9,3.1,2.9,3.3,3,3,3.1,3,3.2,3.4,3.6,4.9,4,6.7,7.9,9.8,10,10.4,9.6,9.8,9.8,10.3,10.5,9.4,9.6,9.9,9.3,8.8,9.5,9.1,7.7,6.5,7.5,7.9,7.8,7.9,5.4,5.4,5.3,5,4.4,2.5,3.4,3,2.5
Building 2,Electricity,KWh,Meter 1,29/04/2013,2.8,3,2.8,2.6,3,2.9,2.7,2.7,2.9,2.8,2.9,3.2,4.9,6.9,6.7,5.8,6,7.3,8.2,8.3,8.4,8.4,8,8.2,8,8.4,8.3,8.5,7.9,7.7,8.2,7.9,7.9,6.7,6.5,7.6,7.7,8,6.4,5,5.1,4.9,2.8,2.5,2.9,2.6,3.1,2.8
Building 2,Electricity,KWh,Meter 1,30/04/2013,2.7,2.6,2.8,2.5,3.1,2.7,2.9,2.7,2.8,3.2,6.4,6.5,6.4,7.2,8.4,9.1,10,9.3,10.3,9,9.7,8.5,8.6,9.7,9.4,8.6,8.2,8.6,8.2,8.2,9,8.5,8.6,8.4,6,7,7.6,7.7,7.9,5.3,4.8,4.7,4.9,4.7,4.8,3.3,2.6,3.4
Building 2,Electricity,KWh,Meter 1,01/05/2013,2.5,2.7,2.6,3,2.7,2.7,2.5,2.8,2.8,2.8,2.6,3.1,3.2,3.3,8.6,8.4,9.2,8,8.1,8.3,8.8,8.7,8,8.8,8.2,9,8.1,8.3,8.3,9.5,10.6,9.2,7,6.3,6.3,7.4,7.4,7.6,5.9,4.8,4.9,5,4.8,4.4,2.5,3.1,3.3,2.6
Building 2,Electricity,KWh,Meter 1,02/05/2013,3.1,2.6,3.2,2.7,2.8,2.6,2.6,2.5,2.6,2.9,2.7,3.1,3.3,2.7,3.1,3.5,6.5,7.3,8.3,9,9,10.1,10.1,9.8,8.2,10.5,10.3,8,8.1,9.7,9.2,8.4,6.9,5.9,6.5,7.4,7.6,7.4,4.8,4.8,4.9,4.9,4.5,4.6,2.4,2.7,3.6,2.6
Building 2,Electricity,KWh,Meter 1,03/05/2013,3.2,2.7,3,2.6,2.9,2.5,2.9,2.8,2.5,2.7,2.7,3.2,3.9,3.3,3.4,6.9,7.9,9.4,10,7.9,7.7,8.3,7.3,7.5,7.6,7.8,7.4,6.6,8.3,6.5,8.3,7.7,7.7,6.5,4.9,4.9,4.9,4.9,4.8,4.6,2.4,2.9,2.5,2.6,2.9,2.5,2.9,2.6
Building 2,Electricity,KWh,Meter 1,04/05/2013,2.9,2.8,2.9,2.8,2.9,2.7,3,2.5,2.8,2.7,2.8,3,2.6,2.7,2.8,2.6,2.8,2.8,2.8,2.6,2.9,3,3,2.7,2.7,2.7,3.2,2.8,2.6,2.9,2.8,3.2,2.6,2.7,2.6,2.9,2.6,2.7,2.5,2.8,2.6,2.7,2.7,2.7,2.7,2.6,2.6,2.6
Building 2,Electricity,KWh,Meter 1,05/05/2013,2.6,2.9,2.6,2.8,2.7,2.9,2.7,2.7,2.6,2.8,2.8,2.6,2.5,2.7,2.9,2.6,2.6,2.8,2.5,2.8,2.5,2.6,2.5,2.7,2.7,2.5,2.5,2.5,2.4,2.5,2.5,2.3,2.5,2.4,2.8,2.5,2.4,2.5,2.5,2.6,2.6,2.6,2.6,2.4,2.9,2.4,2.9,2.4
Building 2,Electricity,KWh,Meter 1,06/05/2013,2.7,2.7,2.7,2.4,2.6,2.5,2.8,2.5,2.6,2.8,2.7,3,2.5,2.4,2.6,2.6,2.5,2.6,2.3,2.8,2.6,2.4,2.5,2.4,2.6,2.3,2.5,2.5,2.3,2.3,2.4,2.6,2.5,2.3,2.5,2.5,2.3,2.6,2.5,2.3,2.6,2.4,2.4,2.8,2.4,2.6,2.4,2.7
Building 2,Electricity,KWh,Meter 1,09/05/2013,2.6,2.7,2.6,2.9,2.7,2.8,2.7,3,2.7,3,2.9,3.2,3.5,3,3.6,7.6,7.7,8.1,8.7,8.7,9.1,8.2,8.3,8,8.3,8.5,8.2,8.4,7.8,7.4,8.2,8.1,7.9,7.8,5.3,5.2,5.5,5,4,2.7,3.9,4.8,2.8,3.1,4.9,2.8,3.1,3.8
Building 2,Electricity,KWh,Meter 1,13/05/2013,2.7,3,2.8,2.9,2.6,2.7,2.8,2.9,2.8,2.9,3.1,3.4,3,2.9,6.5,8.4,8.6,8.6,8.8,8.5,9.3,10,10.5,9.8,9.4,8.9,9.1,10,9.9,10,8.9,8.7,7.3,7,8.2,8.7,8.4,7.6,5.6,5.7,5.8,5.6,5.5,3.2,3.2,4.2,3.1,3.7
Building 2,Electricity,KWh,Meter 1,14/05/2013,3.3,3.5,3,3.4,3.1,3.4,3,3.2,3.1,3.3,3,3.4,3.6,3,8.5,8.9,9.3,8.5,7.4,7.7,7.6,10.1,9.9,9.9,9.8,9.6,9.4,10.3,10,7.9,7.3,7.5,8.6,8,8.2,5.8,5.3,5.2,4.6,3.1,4,3.4,3.2,3.4,3,3.4,3.1,3.3
Building 2,Electricity,KWh,Meter 1,16/05/2013,2.8,2.5,2.8,2.8,2.7,2.8,2.8,2.8,2.7,2.7,2.8,3,3.6,3.1,7.1,9.6,8.4,8.4,9.9,12,10.7,9.9,10.4,9.9,9.5,9.3,9.1,8.5,9.6,9.7,8.7,6.5,6.6,7.5,7.7,8,5.9,5,4.8,5.1,4.6,3.5,2.2,2.5,2.4,2.2,2.3,2.5
Building 2,Electricity,KWh,Meter 1,17/05/2013,2.2,2.2,2.2,2.4,2.2,2.4,2.1,2.4,2.2,2.4,2.2,2.6,3,2.3,5.5,9.1,9.8,8.4,8.6,8.9,9.2,9.6,9.8,8.8,9,8.7,8.1,7.6,8.3,8.7,8.9,8.2,7.6,6.1,7,7.7,7.5,7.5,5.1,5,4.8,4.8,4.5,4.5,2.1,2.1,2.5,2.4
Building 2,Electricity,KWh,Meter 1,19/05/2013,2.1,2.3,2,2.2,2.1,2.2,2.3,2.2,2.3,2.2,2,2.3,2,2.3,1.9,2.4,2,2.2,1.9,2.3,2.1,2.1,2.1,2.2,2,2.2,2.1,2.2,1.9,2,2,2,2.1,2.3,2,2,2.1,2.1,2,2.4,2.2,2.2,2.1,2.1,2.2,2.2,2.1,2.2
Building 2,Electricity,KWh,Meter 1,20/05/2013,2.3,2.2,2.3,2.1,2.2,2.2,2.2,2.3,2.4,2.1,2.2,4.8,6.8,7.3,7.7,9,10,10.7,11.4,9.3,7.3,7.7,8.3,8,8,7.9,7.5,8,7.7,8,7.6,8.7,7.8,5.6,5.7,7.4,7.2,7.3,6,4.4,4.2,4.4,4.2,4.2,2.8,2.1,2.5,2
Building 2,Electricity,KWh,Meter 1,21/05/2013,2.3,1.9,2.2,2.1,2.6,1.9,2.1,1.9,2.4,2,2.1,2.4,3.2,3.1,7.2,8,9.4,9.6,9.7,9.5,8.4,9.8,8.2,9.1,8.5,8.8,8.5,7.6,9,9.2,8.3,5.3,6.3,7.1,6.9,7.3,4.7,4.2,4.5,4.2,4.4,4.2,3.9,2.1,2.4,2.3,2.1,2.2
Building 2,Electricity,KWh,Meter 1,22/05/2013,2.1,2.4,2,2.2,2.2,2.2,2.1,2.2,2,2.1,2.1,2.6,2.9,3.5,2.9,6.2,9.2,10.7,9.6,8.5,9.1,9.7,10,10.4,9.7,7.9,8.3,8.6,9,9.4,8.8,7.9,6.6,6.4,7.5,7.5,7.6,7,4.9,4.8,4.8,4.7,4.7,4.7,3.3,2.1,3.4,2.1
Building 2,Electricity,KWh,Meter 1,26/05/2013,2.6,2.8,2.6,2.8,2.6,2.6,2.7,2.7,2.8,2.5,2.6,2.6,2.6,2.8,2.5,2.8,2.5,2.6,2.4,2.5,2.8,2.5,2.5,2.6,2.4,2.5,2.5,2.6,2.3,2.5,2.4,2.5,2.3,2.6,2.6,2.4,2.4,2.6,2.3,2.6,2.7,2.5,2.6,2.6,2.5,2.8,2.5,2.6
Building 2,Electricity,KWh,Meter 1,27/05/2013,2.7,2.5,2.9,2.4,2.7,2.6,2.6,2.9,2.6,2.6,2.7,3.1,2.9,2.6,2.7,2.6,2.8,2.8,2.7,2.6,2.8,2.6,2.8,3,2.9,2.6,2.9,2.7,2.9,2.9,2.7,2.9,2.8,2.6,2.8,2.5,2.7,2.6,2.7,2.9,2.7,2.5,2.7,2.7,2.8,2.6,2.5,2.7
Building 2,Electricity,KWh,Meter 1,28/05/2013,2.9,2.4,2.7,2.6,2.5,2.8,2.5,2.5,2.6,2.6,2.6,2.9,7.4,8.6,8.6,9.2,9.2,10.8,10.5,10.5,11,10.3,9.3,10.1,10.3,10,9,9.5,9.5,9.6,8.3,7.3,7.1,8.4,8.3,8.5,6.2,5.4,5.8,5.5,5.3,5,4.1,2.7,3.5,2.7,3,2.7
Building 2,Electricity,KWh,Meter 1,29/05/2013,2.7,2.7,2.8,2.6,2.6,2.8,2.9,2.8,2.7,2.9,2.5,3.1,3.1,2.8,2.9,3.5,3.6,6.5,7.9,8.7,9.1,9.2,8.8,9.2,9.3,9.2,8.9,8.8,11.2,10.2,8.6,6.6,6.7,6.6,7.5,7.7,7.9,6.2,5.2,4.9,4.9,5.2,4.7,4.8,3.8,2.5,3.3,2.6
Building 2,Electricity,KWh,Meter 1,31/05/2013,2.7,2.5,2.5,2.8,2.4,2.7,2.4,2.6,2.5,2.5,2.7,2.9,3.4,3.3,3.8,3.9,6.2,7.6,8.7,8.7,8.8,9,8.3,8.6,8.6,10.2,9.6,8.5,9.4,9.4,8.2,5.8,6.2,7.5,7.5,7.6,6.1,4.7,4.7,4.8,5,4.7,4.6,4.8,2.7,2.5,2.9,2.5
Building 2,Electricity,KWh,Meter 1,01/06/2013,2.9,2.4,2.9,2.6,2.5,2.5,2.8,2.3,2.8,2.6,2.6,2.8,2.6,2.7,2.9,2.5,2.7,2.6,2.5,2.9,2.7,3,2.4,3.4,2.3,3,3.6,2.4,3.4,3.2,2.3,3,2.2,2.5,2.4,2,2.5,1.9,2.2,2.1,2.3,2,2.4,2,2.1,2.1,2.1,2
Building 2,Electricity,KWh,Meter 1,02/06/2013,2.4,2.1,2.2,2.1,2.3,2.1,2.2,2.2,2.3,2.1,2.2,1.9,2.2,2.3,3,2.6,2.7,2.8,2.5,2.7,2.6,2.7,2.7,2.9,2.4,2.8,2.7,2.8,2.8,2.4,2.3,2.3,2.2,2.5,2.2,2.5,2.3,2.3,2.3,2.4,2.2,2.4,2.4,2.6,2.3,2.4,2.3,2.6
Building 2,Electricity,KWh,Meter 1,03/06/2013,2.4,2.5,2.3,2.3,2.6,2.5,2.5,2.5,2.2,2.6,2.3,3.1,4.2,8.7,8.5,9,8.8,8.8,8.6,8.2,8.2,9.1,10,9,8.3,9.1,8.7,9.9,8.7,7.8,7.9,8.1,7.8,7.5,5.3,5.5,5.4,5.3,5.5,5.1,4.9,4.7,3.7,2.4,2.9,2.4,2.6,2.3
Building 2,Electricity,KWh,Meter 1,04/06/2013,2.4,2.2,2.7,2.4,2.3,2.7,2.2,2.6,2.4,2.3,2.4,2.8,3,3,3,3.1,3.2,7.6,7.7,7.6,7.9,8,7.7,7.5,8.1,7.1,7.6,7.5,7.3,8,7.2,7,6.4,6.2,7.3,8,7.3,7.2,5.1,4.7,4.7,4.9,4.9,4.6,4.1,2.4,3.3,3
Building 2,Electricity,KWh,Meter 1,05/06/2013,2.5,2.8,2.2,2.7,2.3,2.7,2.4,2.4,2.3,2.6,2.3,2.7,2.8,3.4,6.6,7.5,7.9,7.4,8.4,8.1,8.4,8.6,8.3,8.5,8.1,8.5,11.5,11.7,8.7,8.2,8,8.5,6.1,6,7.7,7.4,7.6,6.2,4.7,4.9,4.8,4.6,4.9,4.9,4.7,3.6,2.8,2.9
Building 2,Electricity,KWh,Meter 1,06/06/2013,2.3,2.8,2.4,2.7,2.7,2.5,2.7,2.6,2.4,2.4,3,2.7,3.4,2.8,3.4,6.5,7.1,7.9,7.8,7.6,7.5,7.9,8.1,8,7.3,7.8,7.1,7.5,7.9,7.2,7.5,6.3,5.9,5.9,7.5,7.5,7.4,6.5,4.7,4.7,4.6,4.7,4.7,4.7,4.5,2.9,2.4,2.8
Building 2,Electricity,KWh,Meter 1,07/06/2013,2.4,2.6,2.4,2.6,2.5,2.5,2.4,2.4,2.4,2.6,2.3,2.9,2.8,3.5,9.2,8.9,9.5,9,8.9,9.1,10.6,9.6,9.2,8.2,8.5,8.7,8.5,8.6,8.5,10.2,10.7,8.8,6.3,7,8.1,7.9,7.9,7.4,5.4,5.3,5.2,5.3,4.8,4.7,4.6,2.3,2.8,3.3
Building 2,Electricity,KWh,Meter 1,08/06/2013,2.4,3.5,2.6,3,2.4,2.5,2.9,2.5,3,2.3,3.3,2.5,2.7,2.5,3.2,3,2.6,3.4,2.7,4,3.1,2.7,4.2,2.8,2.7,4.6,2.5,2.8,3.5,2.6,3.7,2.9,2.5,3.5,2.6,3.1,2.4,2.9,2.8,2.7,3.1,2.5,3,2.3,2.6,2.5,2.9,2.6
Building 2,Electricity,KWh,Meter 1,09/06/2013,2.9,2.3,2.5,2.4,2.5,2.7,2.6,2.5,2.5,2.7,2.3,2.5,2.6,2.5,2.4,2.9,2.6,2.6,2.6,2.8,2.4,2.5,2.5,2.8,2.3,2.4,2.5,2.5,2.5,2.6,2.5,2.4,2.6,2.4,2.3,2.3,2.2,2.5,2.6,2.4,2.3,2.5,2.4,2.4,2.4,2.6,2.4,2.5
Building 2,Electricity,KWh,Meter 1,10/06/2013,2.3,2.5,2.4,2.6,2.5,2.4,2.5,2.5,2.3,2.8,2.3,3.2,7.3,8.8,8.7,8.6,8.5,9,8.2,7.7,7.7,8.5,8.9,9.6,10.1,8.9,8.7,9.4,9.3,8.7,7.8,7,6.4,7.2,8,7.8,7.8,5,5.2,5.3,5.3,5.3,3.4,2.3,2.7,2.4,2.9,2.4
Building 2,Electricity,KWh,Meter 1,11/06/2013,2.8,2.4,2.3,2.4,2.4,2.3,2.8,2.3,2.4,2.4,2.4,2.8,3.5,3,6.5,8.3,10.6,10.3,9.4,8.7,9.5,9.9,9.6,9.4,10.5,10.2,8.2,7.8,8.4,8.5,8.4,7.6,7.9,5.3,5.1,5.1,5.2,5.1,5.1,4.6,3.5,2.6,2.9,2.5,3.3,2.6,2.7,2.7
Building 2,Electricity,KWh,Meter 1,12/06/2013,2.9,2.8,2.6,2.9,2.8,2.6,2.7,2.8,2.4,2.4,2.5,3,2.9,3.5,3.3,5.6,7.4,8.3,10.2,9.4,9.6,9.9,10.2,8.5,8.9,9.4,8.8,9.3,9.4,9.2,10.5,9.9,7.7,6.6,7.5,8.3,8.2,8.3,5.7,5.5,5.6,5.5,5.5,5.4,5.4,5.2,5.1,4.2
Building 2,Electricity,KWh,Meter 1,13/06/2013,2.9,3.3,2.7,3,3.1,2.8,3.8,2.5,3.4,2.6,3.1,3.1,3,3.3,3.2,4.1,3.6,3.9,8.4,8.7,9.3,10.9,10,9.2,9.8,10.3,9.7,9.1,8.6,8.8,8,6.6,6.7,7.9,7.7,8,6.5,5.3,5.7,5.8,5.3,5,4.8,4.6,2.9,2.3,3,2.7
Building 2,Electricity,KWh,Meter 1,14/06/2013,2.9,2.3,2.5,2.4,2.9,2.3,2.5,2.6,2.4,2.4,2.5,2.5,3.3,2.9,6.3,8.1,9.1,9.2,7.2,7.6,7.5,8.8,8.7,8.5,8.5,8.8,8.5,8.3,8.6,8.3,8.8,6.9,6.2,7,8.1,7.8,8,5.4,5.2,5.4,5.4,5.3,5.2,4.9,2.8,2.8,3.5,2.8
Building 2,Electricity,KWh,Meter 1,15/06/2013,3.9,2.4,2.9,3.4,2.4,3.8,2.5,2.6,3.1,2.6,4.2,2.4,2.8,2.6,2.5,4.1,2.5,3.2,4.8,3,2.5,3.4,2.5,2.7,2.5,2.7,2.9,2.9,2.6,2.9,3.6,2.5,3.9,4.8,4.5,2.3,2.7,4.8,2.6,2.7,3.6,2.4,2.8,2.4,2.7,2.5,2.6,2.5
Building 2,Electricity,KWh,Meter 1,16/06/2013,2.5,2.3,2.8,2.4,2.6,2.3,2.6,2.5,2.4,2.6,2.6,2.5,2.3,2.5,2.4,2.4,2.5,2.8,2.5,2.5,2.5,2.6,2.4,2.6,2.6,2.8,2.5,2.6,2.4,2.6,2.5,2.4,2.6,2.7,2.2,2.5,2.2,2.4,2.3,2.6,2.5,2.6,2.3,2.6,2.2,2.5,2.5,2.4
Building 2,Electricity,KWh,Meter 1,17/06/2013,2.5,2.5,2.4,2.4,2.5,2.5,2.2,2.5,2.4,2.6,2.4,3,3.5,8,8.8,9.2,8.9,9.6,8.5,8.6,8.6,9.7,10.5,9.9,9.7,9.4,9.1,10.5,11,9.5,8.6,8.5,6.2,6.1,7.4,8.6,8.5,7.4,5.7,5.9,6.3,5.9,5.3,4.9,4.8,4.9,4.2,2.6
Building 2,Electricity,KWh,Meter 1,18/06/2013,3.8,2.9,2.4,3.1,2.6,2.8,2.6,2.6,2.6,2.6,2.4,2.9,3.1,3.1,4.1,8.3,9,10.6,9.9,9.7,8.9,8.6,9.2,9.1,9.5,8.9,9.1,9.1,8.9,9.2,8.4,7.1,6.5,6.9,7.9,8.1,8.3,6.1,5.5,5.4,6.2,5.5,4.8,5,3,2.5,2.7,2.5
Building 2,Electricity,KWh,Meter 1,19/06/2013,2.4,2.4,2.4,2.3,2.6,2.2,2.5,2.6,2.4,2.4,2.6,2.7,3.4,2.9,2.9,3.3,3.5,3.2,7.9,9.4,8.8,8.7,7.8,8.1,8.4,8.8,9,9.4,9,9.2,6.9,6.1,7,7.8,7.4,7.4,4.7,4.6,4.8,4.7,4.8,5,4.8,3.9,2.4,3.3,2.7,2.5
Building 2,Electricity,KWh,Meter 1,20/06/2013,2.9,2.2,2.8,2.4,2.6,2.4,2.6,2.3,2.5,2.2,2.4,2.7,2.9,3,3.5,3.2,5.4,8.4,8.7,8.3,8.9,7.5,7.7,8.4,8.1,7.4,8.3,7.8,7.9,8,7.4,6.7,6.3,7.4,7.5,7.6,7,4.8,5,4.9,4.7,4.6,4.2,2.3,2.5,2.6,2.6,2.2
Building 2,Electricity,KWh,Meter 1,21/06/2013,2.5,2.3,2.3,2.3,2.5,2.4,2.4,2.5,2.6,2.4,2.4,2.8,2.7,3.1,3.2,6.2,8.6,9.4,8,8.5,8.5,8.1,8.1,7.9,8.2,8.5,8.7,9.1,8.5,8.9,8.4,6.9,6.6,7.3,8.5,8.1,8.2,5.3,5.1,5.4,5.3,5.3,5.2,5.2,4.8,3.5,2.3,3
Building 2,Electricity,KWh,Meter 1,22/06/2013,2.6,2.8,2.7,3,2.9,2.9,2.9,2.8,2.8,2.7,2.5,2.3,3,2.5,2.7,2.4,2.5,2.5,2.8,2.5,3.3,2.9,3.6,2.7,3.5,3.5,2.7,4.4,3.5,3.1,4.3,2.6,2.6,3.4,2.7,3.8,2.3,2.8,2.4,2.6,2.8,2.6,2.6,2.4,2.7,2.6,2.5,2.6
Building 2,Electricity,KWh,Meter 1,23/06/2013,2.9,2.4,2.5,2.5,2.9,2.6,2.6,2.5,2.7,2.5,2.5,2.4,2.7,2.6,2.5,2.3,2.5,2.6,2.5,2.5,2.4,3,2.5,2.8,2.4,2.6,2.5,2.6,2.7,2.7,2.4,2.6,2.4,2.6,2.4,2.5,2.4,2.8,2.2,2.5,2.4,2.5,2.5,2.5,2.3,2.6,2.5,2.5
Building 2,Electricity,KWh,Meter 1,24/06/2013,2.3,2.5,2.6,2.5,2.3,2.8,2.3,2.6,2.4,2.6,2.3,3.2,7.5,8.5,8.4,8.4,8.6,8.7,8.7,9.5,9.1,9.6,11.3,10.9,10.5,10.3,9.9,9.8,9.7,8.5,8.2,6.5,6.3,7.6,7.9,7.8,7.8,4.9,4.7,4.9,4.9,4.6,4.7,4.4,2.4,2.6,2.5,2.4
Building 2,Electricity,KWh,Meter 1,25/06/2013,2.5,2.2,2.5,2.2,2.8,2.4,2.6,2.3,2.5,2.3,2.4,2.9,2.8,2.8,3.1,6.8,7.1,7.3,7.3,6.9,7.3,7.4,11,7.5,7.4,7.9,11.9,7.1,7,8.7,9.6,8.3,7.7,5.6,5,5.2,4.9,4.9,5,4.6,3.4,2.2,2.5,2.2,2.6,2.5,2.5,2.3
Building 2,Electricity,KWh,Meter 1,26/06/2013,2.5,2.2,2.5,2.3,2.6,2.4,2.3,2.5,2.4,2.3,2.5,2.7,2.9,2.9,6.9,7.8,7.8,7.5,8.8,9.7,8.7,9.4,8.7,9,8.6,9.1,9.1,9.7,8.8,8.6,9.5,9.1,10,7.6,7.1,7.8,8.1,8.3,7.1,5.3,5.3,5.1,5.1,5.3,5.2,3.5,2.8,3.1
Building 2,Electricity,KWh,Meter 1,27/06/2013,2.9,2.8,2.9,2.9,3,3,3.1,2.8,2.8,2.8,2.9,3.2,3.4,3.1,3,3,3.5,4.2,7.4,8.1,8.4,9.1,9.8,9,8.8,9.1,8.7,9,8.4,8.8,6.7,6.2,7.7,7.9,7.7,7.7,5.3,5.1,5.2,5.3,4.9,4.7,4.3,2.8,3.1,4.6,2.6,2.7
Building 2,Electricity,KWh,Meter 1,28/06/2013,2.5,2.7,2.4,2.6,2.3,2.5,2.3,2.7,2.6,2.5,2.5,2.7,3.4,3.2,3.3,3.5,3.6,3.8,3.6,6.6,8.2,9,9.9,11.1,11.2,10.1,9.7,10.1,10.2,9.8,9.1,8.1,6.7,6.8,7.5,8.4,8,7.9,5,4.7,4.9,5,4.8,4.8,4.9,4.8,4.9,4.4
Building 2,Electricity,KWh,Meter 1,29/06/2013,4.6,4.7,2.5,2.9,3.2,2.3,2.5,2.1,2.8,2.4,2.4,2.2,2.4,2.4,2.4,2.4,2.4,2.4,2.3,2.2,2.5,2.2,2.4,2.1,2.4,2.4,2.6,2.3,2.1,2.7,2.3,3.9,4.6,3.1,2.2,4,4.7,4.6,2.2,2.5,4.1,2.5,2.8,2.3,2.7,2.5,2.5,3.2
Building 2,Electricity,KWh,Meter 1,30/06/2013,2.4,2.7,2.4,2.3,2.4,2.8,2.3,2.6,2.3,2.3,2.4,2.3,2.3,2.5,2.5,2.5,2.3,2.3,2.3,2.4,2.3,2.8,2.5,2.7,2.5,2.4,2.5,2.6,2.4,2.5,2.6,2.3,3.2,2.6,2.9,2.6,2.8,2.4,2.8,2.5,2.4,2.5,2.6,2.5,2.3,2.3,2.5,2.2
Building 2,Electricity,KWh,Meter 1,01/07/2013,2.7,2.6,2.4,2.3,2.5,2.5,2.4,2.4,2.5,2.4,2.7,2.9,2.8,2.5,4.5,6.8,7.1,7.4,7.8,7.3,8.4,9.1,8.9,8.5,8.3,8.6,8.4,8.2,8.9,7.4,8.9,8.9,8.6,8,5.7,5.2,5.2,5,4.8,4.5,2.5,2.3,2.3,2.7,2.3,2.3,2.4,2.4
Building 2,Electricity,KWh,Meter 1,02/07/2013,2.5,2.4,2.2,2.5,2.4,2.4,2.3,2.4,2.6,2.3,2.4,2.6,3.2,2.9,3,3,3.7,6.3,6.9,7.5,8.7,8.3,8.2,7.8,7.9,7.9,7.7,7.6,7.2,6.9,10.4,9,8.3,7.7,5,5.3,5.1,4.8,2.8,2.4,2.5,2.5,2.6,2.3,2.3,2.4,2.6,2.4
Building 2,Electricity,KWh,Meter 1,03/07/2013,2.4,2.3,2.5,2.5,2.4,2.6,2.6,2.4,2.4,2.5,2.5,2.6,2.8,3.3,3.6,6.7,7.9,8.7,8.6,9.9,10.2,9.8,10.7,9.1,9.3,8.7,9.3,9.5,9.3,8.6,10.4,9.3,8.3,8.1,5.5,5.2,5.4,5.3,5.3,5,4.9,4.8,4.7,2.6,2.7,3.1,2.3,2.7
Building 2,Electricity,KWh,Meter 1,04/07/2013,2.2,2.5,2.3,2.6,2.4,2.4,2.5,2.6,2.3,2.4,2.3,2.7,3.1,3.3,3,3,3,7.7,8.1,8.3,8.1,7.8,8.3,8.4,8.4,8.3,8.1,8.8,8.1,7,9.4,8.8,7.9,7.5,4.8,4.6,4.6,4.7,4.8,4.7,4.5,4.3,2.4,2.8,2.6,2.3,3,2.3
Building 2,Electricity,KWh,Meter 1,05/07/2013,2.3,2.6,2.9,2.2,2.5,2.4,2.4,2.3,2.4,2.3,2.7,2.5,2.8,2.6,3.6,7.6,9.2,9.2,9.5,9,8.9,9.1,8.9,9.1,9.2,8.8,8.7,9.7,8.7,8.8,8.8,7.7,7,7.4,8.3,7.8,7.6,5.3,4.9,5.1,5.2,5.2,5.3,5.1,5,4.8,3.9,2.4
Building 2,Electricity,KWh,Meter 1,06/07/2013,2.6,2.4,2.4,2.8,2.4,2.4,2.5,2.3,2.6,2.3,2.4,2.5,2.7,2.4,2.5,2.2,2.5,2.3,2.3,2.5,2.7,2.5,2.2,2.3,2.2,2.4,2.3,2.4,2.2,2.3,2.2,2.5,2.2,2.3,2.3,2.4,2.2,2.4,2.3,2.5,2.3,2.6,2.3,2.6,2.3,2.4,2.5,2.5
Building 2,Electricity,KWh,Meter 1,07/07/2013,2.3,2.4,2.5,2.7,2.4,2.5,2.3,2.4,2.3,2.5,2.5,2.5,2.4,2.5,2.2,2.4,2.5,2.4,2.2,2.4,2.5,2.6,2.3,2.4,2.1,2.3,2.2,2.5,2.3,2.4,2.4,2.5,2.4,2.3,2.2,2.4,2.3,2.2,2.3,2.2,2.4,2.3,2.4,2.5,2.4,2.3,2.4,2.2
Building 2,Electricity,KWh,Meter 1,08/07/2013,2.4,2.3,2.6,2.3,2.4,2.4,2.7,2.3,2.4,2.3,2.6,2.9,2.6,2.7,3.1,2.9,6,8,8.5,8.1,7.9,7.8,8.8,8.8,7.8,7.6,7.8,8.5,8,7.8,7.6,7.8,7.2,6.9,7.8,8.3,7.8,7.6,5.4,5.1,5.3,5.3,5.2,5.3,5.2,4.8,3.2,2.6
Building 2,Electricity,KWh,Meter 1,09/07/2013,2.9,2.6,2.6,2.3,2.9,2.4,2.6,2.4,2.7,2.3,2.4,2.7,2.9,2.8,7.2,8.4,7.7,7.9,7.8,7.7,8.4,8.7,9.1,9,8.9,8.9,8.5,8.2,8.3,8.1,7.4,6.2,6.3,7.4,7.8,7.3,6.8,4.7,4.9,4.9,4.6,4.5,4.6,4.8,4.5,4.5,3.7,2.4
Building 2,Electricity,KWh,Meter 1,10/07/2013,2.4,2.2,2.5,2.3,2.4,2.3,2.6,2.4,2.5,2.2,2.4,2.7,2.4,2.7,2.8,3.2,2.9,2.9,2.7,3,3,5.6,7.8,7.4,7.6,7.7,7.4,7.3,7.1,6.9,6.7,6.5,5.8,6.8,7.9,7.4,7.4,5.2,5.1,4.9,4.9,4.9,4.9,4.8,5,4.1,2.5,3.1
Building 2,Electricity,KWh,Meter 1,11/07/2013,2.8,2.5,2.3,2.5,2.5,2.5,2.8,2.6,2.7,2.5,2.4,2.7,2.6,2.6,4.5,8.1,8.6,8.2,7.3,7.8,7.8,7.6,7.7,7.7,8.1,7.3,7.1,7.5,7.3,7.6,7.4,6.8,6.3,6.3,8.1,8,7.7,6.3,5.4,5.2,5.4,5,4.9,4.7,4.8,2.7,2.2,2.3
Building 2,Electricity,KWh,Meter 1,12/07/2013,2.4,2.4,2.6,2.6,2.3,2.4,2.4,2.4,2.4,2.4,2.5,2.8,2.9,3.3,3.7,4.1,7.4,9.4,8.5,8.2,7.9,7.7,8,7.7,7.8,8.4,8.1,7.9,8,7.1,7.9,8.2,7.8,8,5.4,5.2,5.2,5.2,5.2,5.2,4.9,4.9,2.8,2.8,2.7,2.5,2.7,2.5
Building 2,Electricity,KWh,Meter 1,13/07/2013,2.8,2.7,2.7,2.6,2.7,2.8,2.8,2.6,2.6,2.7,2.7,2.5,2.7,2.6,2.7,2.7,2.7,2.5,2.7,2.6,2.7,2.5,2.6,2.4,2.5,2.6,2.8,2.4,2.7,2.4,2.6,2.3,2.6,2.4,2.8,2.5,2.5,2.6,2.7,2.6,2.6,2.6,2.7,2.7,2.7,2.6,2.8,2.7
Building 2,Electricity,KWh,Meter 1,14/07/2013,2.7,2.8,2.6,2.7,2.7,2.7,2.5,2.7,2.6,2.7,2.7,2.7,2.8,2.7,2.5,2.7,2.6,2.7,2.5,2.6,2.5,2.6,2.6,2.7,2.4,2.6,2.5,2.6,2.5,2.4,2.5,2.6,2.4,2.6,2.7,2.9,2.5,2.6,2.6,2.6,2.5,2.8,2.7,2.7,2.6,2.7,2.5,2.9
Building 2,Electricity,KWh,Meter 1,15/07/2013,2.8,2.8,2.6,2.9,2.5,2.6,2.8,2.5,2.5,2.9,2.8,3,3.2,3.2,3.4,7.4,8,9.6,9.6,10.3,9.5,10.1,9.4,9.1,7.7,7.9,7.8,7.2,7.5,7.6,7.6,6.5,6.4,6.6,8,8,7.6,6.5,5.1,5.1,4.8,5,4.9,4.7,4.7,4.7,2.6,2.3
Building 2,Electricity,KWh,Meter 1,16/07/2013,2.9,2.7,2.7,2.7,2.9,2.6,2.8,2.9,3.1,2.7,3,2.9,3.2,3.2,3.2,6.2,7.7,7.4,8.2,8.6,9,9.4,7.9,8.2,8.1,7.9,7.7,7.4,7,8.1,8.7,7.9,7.1,5.5,5.3,5.3,5.5,5.4,5.7,5.5,5.4,5.5,5.1,5.1,3.1,2.9,3,2.9
Building 2,Electricity,KWh,Meter 1,17/07/2013,2.8,2.7,2.9,2.7,2.8,2.8,2.9,2.8,2.8,2.9,2.8,2.8,3.3,3.5,7.3,7.9,9.1,9.5,8.8,8.5,8.5,8.9,9.1,8.5,8.4,8.3,9,8,8.7,7.7,7.2,6.7,6.1,6.8,7.8,7.8,7.6,5.6,5,5.2,5,4.9,4.9,5,5.2,5,4.9,3.2
Building 2,Electricity,KWh,Meter 1,18/07/2013,2.6,2.8,2.6,2.8,2.7,2.8,2.7,3.1,2.7,2.7,2.6,3,3.5,3.1,3,7.1,7.6,7.5,7.3,7.4,8.1,9.2,8.5,7.8,8.1,8.4,8.8,8.8,7.6,8.4,7.6,6.3,6.2,7.6,8,7.7,7.1,5.1,5.1,5.1,5,5,5,4.9,4.9,4.8,3,2.6
Building 2,Electricity,KWh,Meter 1,19/07/2013,2.8,2.7,2.9,2.8,2.8,2.7,2.8,2.7,3,2.7,2.7,3.1,3.2,3.2,3.7,5.6,7.4,7.8,8.4,8.3,8.4,8.3,8,7.7,7.6,8,7.5,7,7.1,8.3,8.8,8,7.4,5.2,5.8,5.4,5.3,5.5,5.4,5.4,5.3,5.4,5.4,5.3,5,5.1,3.9,2.7
Building 2,Electricity,KWh,Meter 1,20/07/2013,3,2.7,3.1,2.6,2.9,2.8,2.8,2.8,3,2.7,2.7,2.7,2.9,2.8,2.8,2.7,2.8,2.9,2.7,2.8,2.7,2.7,3,2.7,2.7,2.7,2.6,3.1,2.7,2.9,2.9,3.1,2.6,3.3,2.7,3.3,2.7,3,3.8,2.7,2.7,2.9,3.5,2.7,2.8,2.8,3.2,2.8
Building 2,Electricity,KWh,Meter 1,21/07/2013,2.9,2.8,2.8,3.1,2.8,2.8,3,3,2.7,2.8,2.9,2.8,2.6,3,2.9,2.7,2.9,2.8,2.6,2.7,2.8,2.8,2.7,2.7,2.9,2.7,2.6,2.7,2.7,2.7,2.6,2.8,2.6,2.7,2.5,3,2.6,2.7,2.7,2.8,2.7,2.7,2.6,2.8,2.6,2.9,3,2.8
Building 2,Electricity,KWh,Meter 1,22/07/2013,2.6,2.8,2.7,2.8,2.7,2.9,2.6,2.9,2.8,2.9,2.7,3.1,3.3,6.9,7.9,8.1,7.9,7.8,7.8,8.3,7.6,9.6,10.7,8.3,6.8,7.3,7.8,7.5,7.4,7.7,7.2,6.3,6.3,7.8,8,7.5,6.5,5,5.1,5.2,4.9,5,4.9,5,2.9,2.7,2.9,2.7
Building 2,Electricity,KWh,Meter 1,23/07/2013,2.9,2.8,3.1,2.7,2.8,2.7,2.9,2.8,2.9,2.7,2.8,2.9,4.9,8,8.3,8.6,8.5,8.8,8.8,8.3,8.3,8.3,8.9,8.5,8.2,8.1,8.2,8.2,8.4,8.3,8.5,7,6.9,6.7,8.4,8.4,7.9,6.9,5.6,5.3,5.3,5.4,5.4,4.6,2.7,2.8,2.8,2.9
Building 2,Electricity,KWh,Meter 1,24/07/2013,2.6,2.8,2.8,2.8,2.9,2.9,2.7,2.7,2.7,2.8,2.8,2.8,3,2.9,2.9,3.1,3.4,3.1,6.9,8.2,9.6,12.3,10.5,9.7,9.4,8.7,9.9,8.8,8.6,8.2,7.5,8.1,7.9,7.7,5.5,5.2,5.2,5.1,5.1,5,5.1,5,5,4,2.8,3.7,3,2.9
Building 2,Electricity,KWh,Meter 1,25/07/2013,2.7,2.9,2.9,2.9,2.8,3.1,2.9,3,2.8,2.9,2.7,2.9,3.4,2.9,3.5,3.7,4.8,7.9,7.9,8.5,9.8,12.1,9.5,9.6,9.1,9,9.3,8.6,9.3,9.3,8.9,8.5,7.3,6.7,8,8.5,7.8,7.4,5.2,5.3,5.2,5.3,5.5,5.4,5.2,4.9,2.7,2.8
Building 2,Electricity,KWh,Meter 1,26/07/2013,2.8,2.9,2.8,2.9,2.9,2.9,2.8,3.1,2.7,2.6,2.8,2.9,3,3,4.9,8.4,8,8,8,7.8,7.8,7.3,7.1,7.5,7.3,7.9,7.2,7.9,8.1,7.9,7.4,4.7,4.6,4.9,4.8,4.9,4.8,4.7,2.7,2.5,2.6,2.5,2.8,3,2.8,2.7,2.8,2.8
Building 2,Electricity,KWh,Meter 1,27/07/2013,2.8,2.6,2.8,2.8,3,2.9,2.8,2.8,2.8,2.7,2.7,2.7,2.5,2.6,3,3.1,2.5,2.6,2.9,2.9,2.8,2.4,2.4,2.4,2.7,2.5,2.5,2.5,2.7,2.5,2.6,2.4,2.7,2.4,2.8,2.6,2.6,2.6,2.7,2.5,2.5,2.6,2.8,2.5,2.8,2.7,2.6,2.6
Building 2,Electricity,KWh,Meter 1,28/07/2013,2.4,2.5,2.7,2.5,2.6,3,2.7,2.4,2.6,2.8,2.5,2.5,2.6,2.7,2.8,2.4,2.4,2.6,2.5,2.5,2.6,2.7,2.8,2.9,2.9,2.7,2.5,2.7,2.8,2.7,2.8,2.8,2.9,2.9,2.7,2.9,2.9,2.8,2.8,2.9,2.9,2.8,2.8,3,3.1,2.8,2.8,2.8
Building 2,Electricity,KWh,Meter 1,29/07/2013,2.8,2.7,2.5,2.6,3,2.9,2.8,3,2.9,2.8,2.7,3.1,2.9,3.4,3.1,3.7,6.5,7.2,7.8,8.4,8.3,9.6,8.7,9,8.1,8,8.4,7.9,8.2,8.1,8.6,7.7,6.9,6.7,8,8.7,8.3,8,5.5,5.3,5.2,5,4.8,2.4,2.6,2.7,2.8,2.7
Building 2,Electricity,KWh,Meter 1,30/07/2013,2.5,2.7,2.7,2.6,2.5,2.8,2.8,2.8,2.5,2.6,2.6,2.8,2.7,3.1,3.4,6.5,7.9,7.6,7.7,8.3,8.5,8.7,9.5,9.2,9.5,10.6,9.6,9.2,9.6,9.8,9.3,8.1,7.6,7.6,8.5,8.1,8.1,6.4,5.7,5.5,5.3,5.4,5.5,5.6,5.3,5.1,4.5,3.1
Building 2,Electricity,KWh,Meter 1,31/07/2013,2.9,2.6,2.8,2.8,3,2.7,2.8,2.7,3,2.7,2.8,3.1,3,3,3.1,3.2,3.6,6.8,7.8,8.5,8.8,8.3,8.8,10,8.6,7.9,7.9,7.9,8,7.9,8.1,7.1,6.8,7.4,8.2,7.9,7.7,6.3,5.2,5.4,5.1,5.2,5.1,5.1,5,4.4,2.9,3
Building 2,Electricity,KWh,Meter 1,01/08/2013,3,2.9,2.7,3,2.9,2.8,2.7,3.1,2.8,2.9,2.8,3.3,2.7,2.9,4.7,7.2,6.9,8.2,8.4,7.7,8.1,8.3,7.7,7.4,7.7,8.2,8.3,7.7,7.8,8,7.1,6.7,6.8,8.5,8.1,8,6.8,5.4,5.4,5.4,5.5,5.5,5.3,5.3,4.3,2.6,2.9,2.7
Building 2,Electricity,KWh,Meter 1,02/08/2013,3.1,2.7,2.5,2.7,3,3.1,3,2.8,3,3,3,2.9,3,3.5,3.6,3.5,3.8,8.2,8.2,9,8.6,10,8.5,8.5,8.8,8.8,9.1,9,9.4,9.7,8.2,7.5,8.3,9.3,9,9,7.7,6.8,6.9,7,7,7.1,6.7,6.7,6.7,6.9,6.8,6.6
Building 2,Electricity,KWh,Meter 1,03/08/2013,6.8,6.7,6.8,6.7,6.5,6.7,6.8,6.7,6.8,6.5,6.7,6.8,6.6,6.8,5.5,5.4,5.4,5.5,5.5,5.7,5.4,5.5,5.4,5.5,5.3,2.9,2.9,2.9,2.9,3.1,2.7,2.6,2.6,2.6,2.4,2.7,2.5,2.5,2.7,2.6,2.7,2.6,2.5,2.7,2.5,2.7,2.5,2.9
Building 2,Electricity,KWh,Meter 1,04/08/2013,2.6,2.6,2.7,2.6,2.6,2.7,2.6,2.6,2.7,2.9,2.5,2.6,2.5,2.7,2.6,2.8,3.1,3.2,3.6,4.6,6,3,2.7,2.7,2.9,3.4,2.8,2.9,2.5,2.6,2.6,2.6,2.7,2.6,2.9,2.7,2.5,2.7,2.5,2.8,2.6,2.7,2.7,2.6,2.8,2.6,2.5,2.8
Building 2,Electricity,KWh,Meter 1,05/08/2013,2.6,2.8,2.4,2.9,2.6,2.6,2.5,2.7,2.9,2.5,2.6,3.2,5.2,8.5,9.6,10.3,10.1,7.4,6.9,9.1,12.9,10.7,9.8,10.6,12.5,9.5,9.7,9.4,9.3,9.8,9.2,8,6.9,7.8,8.3,8,7.7,5.4,5.2,5.2,5.2,5.1,5,3.6,2.9,3.3,3.1,3
Building 2,Electricity,KWh,Meter 1,06/08/2013,2.9,3,2.9,3,2.9,3,3,3.1,3,2.9,2.9,3.3,3,3.3,4.9,9.6,9.7,9.2,8.3,8.5,8.3,8.7,8.9,10,9.7,11.7,10.5,10,10,9.3,6.9,6.4,7.6,8.4,8.3,7.7,5.7,5.1,5.4,5.3,5.1,4.6,2.8,2.9,2.7,3.2,2.9,2.8
Building 2,Electricity,KWh,Meter 1,07/08/2013,2.7,2.9,2.7,2.9,2.9,2.9,3.1,2.7,2.9,2.7,2.7,3.1,3.1,2.9,3.3,3.3,3.9,8.2,9.4,9.3,9.1,9.7,15.6,9.6,8.7,8.7,8.8,9.9,9.1,8.9,7.7,7.2,6.3,7.6,8.5,8,6.1,4.9,5.3,4.9,5,4.9,4.9,3,2.5,2.5,2.6,2.5
Building 2,Electricity,KWh,Meter 1,08/08/2013,2.5,2.9,2.4,2.7,2.7,2.5,2.5,2.6,2.6,2.7,2.2,2.9,3.3,3.3,3.4,5.5,7.6,8.9,8.7,8.5,8.4,9.5,11.8,12.3,11.7,13.9,11.7,9.3,9,7.5,6.9,7.9,8.4,8.2,6.3,5.4,5.3,5.3,5.2,5.3,5.1,5.2,3.6,2.9,3.2,3,3,2.8
Building 2,Electricity,KWh,Meter 1,09/08/2013,2.9,2.9,3,2.8,3,3.1,2.9,2.8,3.1,2.9,2.9,3.2,3.1,3.2,4.5,4.1,3.6,6.6,7.6,7.2,7,6.9,6.8,6.8,7.2,7.2,7.1,7.1,7,6.8,7,6.7,6.2,7.8,8.5,8.2,7.5,5.1,5.2,5.4,4.9,3.9,2.5,2.7,2.6,2.8,2.6,2.7
Building 2,Electricity,KWh,Meter 1,10/08/2013,2.5,2.6,2.8,2.6,2.5,2.9,2.5,2.8,2.6,2.6,2.6,2.6,2.7,2.7,2.5,2.7,2.5,2.7,2.5,2.7,2.5,2.4,2.8,2.6,2.6,2.4,2.7,2.5,2.6,2.4,2.6,2.7,2.7,2.4,2.7,2.5,2.6,2.6,2.5,2.4,2.8,2.7,2.6,2.5,2.7,2.7,2.5,2.6
Building 2,Electricity,KWh,Meter 1,11/08/2013,2.8,2.7,2.6,2.6,2.8,2.5,2.7,2.6,2.6,2.5,2.8,2.6,2.7,2.5,2.5,2.7,2.6,2.4,2.6,2.8,2.6,2.5,2.5,2.5,2.6,2.6,2.4,2.4,2.8,2.7,2.6,2.7,2.5,2.4,2.4,2.6,2.6,2.7,2.6,2.5,2.6,2.7,2.5,2.6,2.7,2.6,2.7,2.7
Building 2,Electricity,KWh,Meter 1,12/08/2013,2.5,2.5,2.6,2.5,2.6,2.7,2.5,2.9,2.6,2.5,2.5,3.1,3.7,8.1,8.3,7.8,8,7.6,9.1,9.8,11.5,12.6,12.7,8.6,10.6,11.8,12.1,13.6,10.5,9.5,9.8,7.5,6.5,7.1,8,7.9,6.9,5,4.9,5,5,5.1,4.8,4.6,2.8,2.8,2.8,3.1
Building 2,Electricity,KWh,Meter 1,13/08/2013,2.7,3,2.7,2.7,2.8,2.7,3,3,2.7,2.8,2.7,3,3.3,2.7,2.9,3.1,3.4,2.9,3.5,9.6,8.1,8.4,8.8,11.2,11,11.4,8.3,7.7,8.6,9.7,7.7,6.5,6.1,7.6,8.2,8.1,6.4,4.8,5.2,4.8,5.2,5.2,5.1,4.9,5,3.6,2.9,3
Building 2,Electricity,KWh,Meter 1,14/08/2013,2.8,2.9,2.9,2.8,2.7,2.9,2.7,3.1,2.9,2.8,2.8,3.2,3.1,3.5,2.8,3.2,3,3.1,4.4,8.8,8.6,9.5,9,8.9,10.4,11,11.2,10.5,9.5,12.4,8.9,6.5,6.5,7.8,8.6,8.4,7.2,5.2,5.4,5.4,5.4,5.4,5.3,5.2,3.7,2.7,2.9,2.8
Building 2,Electricity,KWh,Meter 1,15/08/2013,2.8,2.7,3,2.7,3,2.9,3,2.8,2.9,2.8,2.9,3,3.4,3.8,4.6,7.1,8.9,9.1,9,10,11.3,8.3,9,8.8,8.8,9.6,11.9,11.9,13.7,13.7,10.3,7.4,6.9,6.7,6.3,6.7,8.3,8.3,8.3,6.1,5.1,5.4,5.3,5.4,5.6,5.5,5.2,5.2
Building 2,Electricity,KWh,Meter 1,16/08/2013,3.3,2.8,3,2.8,3.2,2.8,2.9,2.8,2.9,2.8,3,3.1,3.5,3.9,4.4,3.8,4.1,4.2,7.9,8.5,9.1,11.8,14,11.6,11.8,11.1,10.9,7.6,7.5,8,7.1,6.5,5.9,5.9,7.4,8,7.8,6.5,5.1,4.9,4.9,4.9,5.1,5.1,4.9,4.6,3.2,2.6
Building 2,Electricity,KWh,Meter 1,17/08/2013,2.6,2.6,2.5,2.5,2.6,2.3,2.6,2.5,2.6,2.6,2.8,2.7,2.7,2.7,2.8,2.4,2.9,2.7,2.9,2.5,2.9,2.8,2.7,2.6,2.9,3.1,2.9,2.9,3,2.9,2.9,2.7,2.9,3,3,2.7,2.9,2.8,2.8,2.8,2.8,3.1,2.8,2.8,2.4,2.7,2.7,2.8
Building 2,Electricity,KWh,Meter 1,18/08/2013,2.8,2.8,2.8,2.6,2.6,2.7,2.5,2.6,2.6,2.6,2.6,2.6,2.4,2.5,2.5,2.6,2.5,2.7,2.7,2.6,2.3,2.5,2.4,2.4,2.5,2.5,2.5,2.7,2.3,2.5,2.4,2.5,2.4,2.5,2.4,2.5,2.4,2.7,2.3,2.4,2.6,2.6,2.3,2.5,2.6,2.4,2.4,2.6
Building 2,Electricity,KWh,Meter 1,19/08/2013,2.3,2.6,2.5,2.4,2.5,2.7,2.4,2.4,2.6,2.4,2.8,2.8,2.7,3,2.7,6.2,5.8,7.7,9.1,9.6,11.4,11,8.6,8.9,8.8,9.2,8.5,7.8,7.7,7.8,8.7,6.9,6.3,5.8,7.9,8.1,7.5,6.2,4.7,4.8,5,4.8,5,4.8,4.3,2.6,2.7,2.7
Building 2,Electricity,KWh,Meter 1,20/08/2013,2.6,2.5,2.8,2.8,2.8,2.4,2.6,2.7,2.8,2.5,2.6,2.6,3.2,3.3,4,3.4,3.5,3.6,3.9,6.7,7.6,6.9,9.9,8.2,8.9,8.6,8.7,8.1,8.1,9.1,8.1,6.9,6.4,5.8,7.9,8.1,7.7,6,5.1,4.9,5.2,5.3,5.1,4.8,3.4,2.3,2.6,2.6
Building 2,Electricity,KWh,Meter 1,21/08/2013,2.4,2.6,2.8,2.5,2.8,2.4,2.5,2.5,2.6,2.3,2.8,2.7,3.1,3.2,3.4,3.6,4.9,7,6.8,6.4,5.8,6,7,8.4,8.4,8.4,7.5,7.7,7.4,7.5,6.7,5.8,6.1,8.3,8.1,7.6,5.7,5.1,4.9,5,5.2,5.1,5.1,3.2,2.4,2.6,2.5,2.7
Building 2,Electricity,KWh,Meter 1,22/08/2013,2.7,2.7,2.5,2.7,2.9,2.6,2.5,2.8,2.6,2.7,2.6,3,3.1,3.2,3.1,3.2,3.4,3.8,6,7.7,8.6,9.6,10.2,10.2,10.4,10.1,8.9,8.6,8.9,11.7,10.4,8.8,8.1,5.7,5.8,8.2,8.5,7.8,6.5,5.1,5.3,5.4,5.5,5.7,5.3,5.1,4.2,2.7
Building 2,Electricity,KWh,Meter 1,23/08/2013,2.8,2.8,3,2.7,2.9,3,2.9,2.7,2.8,2.8,2.8,3.1,3.3,3.4,3.9,3.4,3.7,7.2,7.8,7.7,9.5,9.9,7.9,7.5,7.6,7,7.3,6.8,7.4,8.1,8.2,6,5.7,7.8,7.8,7.6,5.9,4.8,5.1,4.7,4.9,4.4,2.7,3.3,2.8,2.8,2.6,2.5
Building 2,Electricity,KWh,Meter 1,24/08/2013,2.9,2.5,2.6,2.5,2.7,2.6,2.6,2.6,2.6,2.4,2.6,2.4,2.5,2.5,2.8,2.4,2.5,2.4,2.4,2.4,2.6,2.4,2.8,2.6,2.5,2.5,2.6,2.4,2.5,2.4,2.7,2.5,2.5,2.5,2.6,2.4,2.5,2.7,2.6,2.6,2.7,2.4,2.4,2.5,2.5,2.5,2.7,2.6
Building 2,Electricity,KWh,Meter 1,25/08/2013,2.7,2.4,2.6,2.6,2.4,2.7,2.6,2.5,2.7,2.5,2.5,2.5,2.4,2.6,2.4,2.8,2.5,2.6,2.5,2.4,2.5,2.7,2.4,3,2.5,2.4,2.4,2.8,2.3,2.6,2.5,2.5,2.6,2.8,2.4,2.4,2.3,2.6,2.5,2.5,2.6,2.6,2.3,2.4,2.5,2.6,2.3,2.6
Building 2,Electricity,KWh,Meter 1,26/08/2013,2.6,2.5,2.6,2.5,2.3,2.6,2.6,2.5,2.5,2.8,2.4,3.2,2.4,2.4,2.5,2.6,2.4,2.8,2.4,2.5,2.7,2.3,2.5,2.4,2.6,2.6,2.5,2.3,2.4,2.3,2.6,2.3,2.6,2.3,2.6,2.3,2.5,2.3,2.4,2.3,2.6,2.5,2.4,2.5,2.4,2.4,2.6,2.4
Building 2,Electricity,KWh,Meter 1,27/08/2013,2.5,2.5,2.5,2.3,2.6,2.5,2.4,2.5,2.5,2.5,2.4,2.8,2.8,2.5,3.2,3.6,6,7.9,7.7,6.9,7.4,7.3,7.4,7.5,7.2,7.7,7.5,7.7,7.6,7.3,7.3,5.6,5.4,8,8.1,7.5,6.3,5,4.7,4.9,4.9,4.8,2.8,2.4,2.7,2.3,2.3,2.4
Building 2,Electricity,KWh,Meter 1,28/08/2013,2.5,2.3,2.5,2.5,2.4,2.3,2.7,2.2,2.4,2.4,2.4,2.7,3,3.1,4.2,3.3,6.4,6.6,6.6,7.3,8,8.5,9,9.6,8.9,7.9,8.3,8.2,7.8,7.9,6.7,4.9,4.9,7.6,7.6,7.1,5.7,4.7,5,4.9,4.7,4.6,4.8,2.8,2.7,2.8,2.5,2.7
Building 2,Electricity,KWh,Meter 1,29/08/2013,2.3,2.6,2.6,2.4,2.5,2.6,2.6,2.7,2.4,2.5,2.5,2.7,2.1,3.5,3.3,5.4,7.2,7.4,6.6,6.8,6.7,6.3,6.6,6.7,6.8,6.5,7.6,7.4,7.6,7,7.4,8.4,7.4,6.5,5.4,5.4,7.6,7.7,7.1,5.7,4.6,4.6,4.8,4.6,4.4,4.1,2.5,2.3
Building 2,Electricity,KWh,Meter 1,30/08/2013,2.2,2.6,2.5,2.4,2.2,2.4,2.4,2.3,2.4,2.3,2.4,2.8,3,2.9,2.9,6.5,7.1,6.9,6.8,8,7.8,10,9.7,9.6,9.3,9,9.4,9.6,9.3,8.6,8.2,7.4,5.7,5.9,8.2,8.4,8,6.3,5.4,5.3,5.3,5.5,5.4,5.2,5.2,4.9,2.8,2.8
Building 2,Electricity,KWh,Meter 1,31/08/2013,2.6,2.8,2.5,2.6,2.8,2.4,2.4,2.5,2.5,2.5,2.7,2.4,2.6,2.8,2.5,2.6,2.6,2.2,2.4,2.4,2.3,2.4,2.6,2.4,2.4,2.2,2.3,2.3,2.3,2.3,2.6,2.3,2.5,2.5,2.4,2.2,2.5,2.3,2.3,2.7,2.5,2.3,2.4,2.3,2.5,2.4,2.4,2.5
Building 2,Electricity,KWh,Meter 1,01/09/2013,2.7,2.3,2.5,2.4,2.4,2.5,2.4,2.5,2.6,2.4,2.5,2.3,2.4,2.5,2.3,2.6,2.5,2.4,2.5,2.3,2.3,2.6,2.3,2.6,2.4,2.6,2.4,2.4,2.3,2.5,2.4,2.5,2.4,2.4,2.6,2.6,2.3,2.5,2.4,2.6,2.6,2.4,2.5,2.7,2.4,2.5,2.4,2.6
Building 2,Electricity,KWh,Meter 1,02/09/2013,2.4,2.6,2.5,2.6,2.4,2.6,2.4,2.5,2.5,2.6,2.3,3.3,2.8,3.2,2.9,2.8,4.1,6.5,6.5,6.7,6.5,7.4,8.8,8.9,9.1,9.4,10.4,9.3,9,11,6.1,5.1,7.6,8.3,7.7,6.7,4.8,5.1,5.2,5.2,5,4.9,3.9,2.9,2.9,2.9,2.9,2.7
Building 2,Electricity,KWh,Meter 1,03/09/2013,3.1,2.7,2.8,3.1,2.8,2.8,3,2.7,3.1,2.8,2.8,3.1,3.3,3.2,3.4,3.1,3.3,3.3,4.4,10,9,8.5,8.5,8.7,8.8,8.9,8.4,6.7,7,6.1,7.7,7.6,7.2,5.5,4.9,4.7,4.9,5,4.9,3.1,2.6,2.7,2.6,2.9,2.6,2.8,3,2.7
Building 2,Electricity,KWh,Meter 1,04/09/2013,2.5,2.8,2.7,2.6,2.6,2.9,2.7,3,2.4,2.6,2.4,2.8,2.7,3.2,2.8,6.5,8.1,7.5,7.5,7,6.6,6.9,6.7,7.4,7.1,7.6,7.4,6.1,6.2,6,7.2,8.1,7.4,6.9,4.4,4.3,4.5,4.6,4.7,4.4,3.7,2.3,2.5,2.3,2.4,2.2,2.5,2.3
Building 2,Electricity,KWh,Meter 1,05/09/2013,2.6,2.3,2.4,2.2,2.5,2.4,2.3,2.5,2.4,2.4,2.5,2.6,2.4,2.6,2.8,6.6,8.3,7.7,7.7,7.3,7.6,7.4,7.7,6.6,6.5,7.2,6.8,7.2,7.3,6.9,6.2,5.8,5.7,6.9,8.1,7.5,7.2,5,5,5.1,5,4.8,4.8,2.7,2.2,2.4,2.5,2.4
Building 2,Electricity,KWh,Meter 1,06/09/2013,2.2,2.6,2.3,2.5,2.4,2.4,2.4,2.6,2.2,2.5,2.4,2.7,2.8,2.7,2.9,4.2,5.9,8.1,9.8,9.6,9.6,8.7,9.6,9.4,9.5,9.1,9.2,9.4,8.3,8,6.6,5.7,5.8,7.7,7.5,7.3,5.5,4.8,5.1,5,4.9,5.2,3.9,2.8,2.8,2.5,2.8,2.5
Building 2,Electricity,KWh,Meter 1,07/09/2013,2.8,2.9,2.6,2.8,2.6,2.6,2.7,2.6,2.6,2.7,2.7,2.3,2.6,2.2,2.5,2.2,2.9,2.6,2.6,2.4,2.6,2.6,2.6,2.7,2.4,2.7,2.6,2.8,2.4,2.8,2.5,2.5,2.6,2.7,2.5,2.5,2.6,2.6,2.4,2.6,2.5,2.6,2.5,2.5,2.6,2.5,2.5,2.5
Building 2,Electricity,KWh,Meter 1,08/09/2013,2.7,2.6,2.5,2.7,2.3,2.5,2.5,2.5,2.4,2.7,2.5,2.5,2.5,2.5,2.3,2.5,2.3,2.4,2.9,2.4,2.4,2.6,2.4,2.4,2.6,2.3,2.6,2.5,2.3,2.5,2.5,2.4,2.6,2.4,2.6,2.6,2.4,2.5,2.6,2.4,2.6,2.4,2.6,2.6,2.3,2.6,2.4,2.5
Building 2,Electricity,KWh,Meter 1,09/09/2013,2.5,2.7,2.5,2.4,2.4,2.4,2.5,2.4,2.5,2.5,2.7,2.9,2.7,2.9,4.9,7,8.4,8.4,7.7,8.7,9.1,8.2,7.6,8.3,8.4,8.1,7.3,7.4,7.1,6.6,8.4,8,7.9,6.3,5.2,5.2,4.9,4.7,3.6,2.4,2.7,2.3,2.4,2.6,2.4,2.4,2.6,2.4
Building 2,Electricity,KWh,Meter 1,10/09/2013,2.8,2.4,2.5,2.6,2.4,2.4,2.6,2.4,2.8,2.5,2.7,2.7,2.9,2.7,3.7,3.6,3.6,6.7,7.9,8.2,9.1,9.4,8.6,9.8,9.6,9.6,8.9,8.9,8.9,8,7.1,6.3,6.7,8.2,7.9,7.5,5.9,4.9,5,5,5,4.7,4.1,2.8,2.4,2.5,2.8,2.7
Building 2,Electricity,KWh,Meter 1,11/09/2013,2.8,2.7,2.7,2.6,2.8,2.5,2.5,2.5,2.7,2.7,2.7,2.8,2.9,3.3,3.2,3.3,6.9,8.7,9.3,9,9,9.6,9.3,9.5,9.9,9.2,8.5,8.4,7.2,7.5,7.2,8.5,7.9,7,5.6,5.3,5.6,5.1,4.9,3,3.3,3,3.2,2.6,2.8,2.5,2.7,2.6
Building 2,Electricity,KWh,Meter 1,12/09/2013,2.8,2.6,3,2.5,2.6,2.6,2.6,2.7,2.6,2.8,2.6,3,2.9,3.2,3,2.8,2.8,3.2,3.2,8.4,9.3,9.1,8.7,9.9,9.4,9.4,8.2,7.7,8,8.1,8.7,7.8,6.2,6.4,8.5,8.5,7.7,7.3,5.4,5.3,5.4,5.3,5.3,5.5,5.1,5.1,3,2.8
Building 2,Electricity,KWh,Meter 1,13/09/2013,3.7,2.6,3.2,2.9,2.7,2.7,2.9,2.6,2.8,2.7,2.6,3.1,3.1,3.7,4.3,3.7,4.6,7.8,8.1,8.6,9.9,9.4,9.6,9.9,9.6,9.9,9.6,9.6,9.5,8.6,8.4,5.9,5.1,8,8.4,7.5,6.9,5,5.2,4.4,2.8,3.3,3.7,2.8,4,2.7,2.6,2.7
Building 2,Electricity,KWh,Meter 1,14/09/2013,2.4,2.6,2.6,2.5,2.3,2.5,2.5,2.4,2.4,2.7,2.5,2.5,2.4,2.6,2.3,2.5,2.2,2.6,2.4,2.6,2.4,2.5,2.5,2.3,2.3,2.6,2.5,2.7,2.3,2.5,2.2,2.4,2.4,2.5,2.4,2.4,2.3,2.5,2.3,2.4,2.4,2.6,2.3,2.4,2.3,2.5,2.4,2.5
Building 2,Electricity,KWh,Meter 1,15/09/2013,2.4,2.5,2.4,2.4,2.5,2.3,2.5,2.6,2.6,2.4,2.5,2.4,2.5,2.2,2.6,2.6,2.7,2.5,2.6,2.4,2.6,2.5,2.5,2.6,2.8,2.5,2.7,2.5,2.5,2.5,2.9,2.5,2.3,2.7,2.8,2.4,2.6,2.4,2.8,2.3,2.6,2.5,2.5,2.5,2.6,2.7,2.5,2.5
Building 2,Electricity,KWh,Meter 1,16/09/2013,2.6,2.5,2.5,2.6,2.8,2.5,2.6,2.5,2.7,2.4,2.6,3.3,3.1,2.8,3.3,4.3,8,7.9,7.6,8.7,9.4,10,10,10.2,8.8,9.2,8.6,9.6,8.6,8,7.3,6.8,5.2,6.2,7.7,7.7,8.2,6.9,5.6,5,5,5.1,4.9,4.7,4.2,2.6,2.9,2.4
Building 2,Electricity,KWh,Meter 1,17/09/2013,2.6,3,2.7,3.8,3.2,3.3,2.9,3.4,2.8,2.6,3.1,3.5,3.7,3.1,3.1,3.9,7.3,7.7,6.9,7.7,7.3,7,7.5,7.7,6.8,7.3,7.8,7.4,8.9,8.5,7.7,8.8,6.2,5.5,7.8,8.5,8.2,7.4,5.6,5.5,6,5.9,4.9,5,5,4.7,4.6,2.6
Building 2,Electricity,KWh,Meter 1,18/09/2013,2.6,3.7,2.6,3.3,2.6,2.8,2.6,2.7,2.7,2.9,2.8,2.9,3.3,3.7,3.8,4.3,4.2,5.8,7.7,8.3,7.3,8,9.4,9.9,10.9,9.8,9,9,8.2,7.7,7.7,6,5.7,7.5,8.5,7.7,7.3,5.9,5.4,5.4,5.2,4.4,4.7,2.3,2.5,2.7,2.4,2.7
Building 2,Electricity,KWh,Meter 1,19/09/2013,2.4,2.5,2.6,2.7,2.5,2.7,2.4,2.8,2.6,2.7,2.7,3.1,3.4,3.2,3.6,4.3,7.4,8.6,8.6,8.5,8.2,8.5,8.4,8.5,7.9,7.7,8.3,8.5,8.4,8.8,6.2,7.8,8,7.3,6.4,5,5.3,5.7,5.5,5.1,3.6,2.2,2.8,2.4,2.8,2.4,2.4,2.5
Building 2,Electricity,KWh,Meter 1,20/09/2013,2.6,2.2,2.8,2.6,2.8,2.6,2.5,2.6,2.7,2.7,2.7,2.9,3.3,3.1,3.4,3.6,3.3,2.8,6.5,8.1,9.7,9,9.4,9.8,9.6,8.4,9.1,9.7,9.8,8.1,7.4,7.2,6.4,6.2,6.2,7.9,7.2,7.3,4.5,4.8,4.6,4.6,4.6,4.5,2.7,2.3,2.7,2.3
Building 2,Electricity,KWh,Meter 1,21/09/2013,2.7,2.2,2.6,2.2,2.6,2.3,2.6,2.4,2.6,2.3,2.5,2.4,2.6,2.4,2.7,2.4,2.7,2.4,2.4,2.4,2.4,2.5,2.3,2.4,2.5,2.3,2.6,2.4,2.5,2.6,2.5,2.3,2.4,2.3,2.6,2.2,2.6,2.4,2.7,2.5,2.5,2.3,2.4,2.2,2.6,2.2,2.6,2.2
Building 2,Electricity,KWh,Meter 1,22/09/2013,2.4,2.2,2.4,2.3,2.3,2.5,2.6,2.4,2.3,2.4,2.3,2.5,2.3,2.4,2.5,2.6,2.2,2.5,2.2,2.5,2.3,2.3,2.3,2.5,2.4,2.4,2.2,2.4,2.2,2.4,2.4,2.5,2.3,2.3,2.3,2.3,2.3,2.3,2.2,2.5,2.2,2.6,2.2,2.4,2.1,2.3,2.2,2.4
Building 2,Electricity,KWh,Meter 1,23/09/2013,2.5,2.2,2.4,2.4,2.5,2.5,2.4,2.5,2.6,2.5,2.4,3.1,3.4,3.8,3.8,6.4,8,7.4,7.5,7.3,7.2,7,8,8.5,8,8.8,8,7.5,7.6,7.5,6,5.5,7.2,8,7.5,6.8,5,5.2,5.1,5.3,4.4,2.7,2.3,2.3,2.4,2.5,2.4,2.5
Building 2,Electricity,KWh,Meter 1,24/09/2013,2.4,2.3,2.4,2.6,2.5,2.6,2.7,2.7,2.5,2.7,2.6,2.9,3.3,3.9,3.6,6.7,8.8,8.2,8.4,8.2,8.3,8.1,8.5,8.7,8.1,8.5,8,7.4,6.9,7,9.2,8.4,7.8,7.2,5.7,5.8,6.3,5.9,5.3,2.7,2.4,2.1,2.5,2.1,2.4,2.2,2.4,2.5
Building 2,Electricity,KWh,Meter 1,25/09/2013,2.5,2.2,2.6,2.4,2.6,2.4,2.6,2.5,2.8,2.4,2.5,2.9,3.3,4.2,4.6,4.2,5.4,9.3,9,8,8.9,9.4,8.7,9.8,9.6,9.9,8.8,9.7,8.8,7.4,7.7,8.2,7.5,6.4,5.5,5.3,5.7,5.8,6.1,5.7,3.4,2.6,2.6,2.5,2.7,2.5,3,2.5
Building 2,Electricity,KWh,Meter 1,26/09/2013,2.8,2.5,2.6,2.6,2.7,2.6,2.6,2.9,2.5,2.7,2.7,3.2,3.6,4,4.4,3.9,3.9,4.1,7.8,8.8,8.9,8.9,8.3,7.7,7.9,9,9.2,9.4,9.4,10.2,8.9,6.3,8.4,9.2,8.5,7.4,6.3,5.4,5.4,5.2,4.8,2.9,2.5,2.6,2.7,2.7,2.6,2.7
Building 2,Electricity,KWh,Meter 1,27/09/2013,2.6,2.8,2.4,2.7,2.7,2.9,2.6,2.7,2.5,2.7,2.6,3.1,3.8,4.1,3.6,4.3,7.6,8.1,7.3,8,8.3,8.5,8.9,8.3,8,9.2,9.5,11.5,10.1,8.1,6.8,5.9,6.8,8.3,7.8,7,5.4,4.8,5.2,5.2,5.2,4.9,4.5,4,2.3,2.9,2.3,2.5
Building 2,Electricity,KWh,Meter 1,28/09/2013,2.5,2.6,2.4,2.4,2.5,2.4,2.5,2.4,2.5,2.3,2.4,2.4,2.4,2.2,2.5,2.2,2.6,2.3,2.4,2.3,2.6,2.3,2.6,2.3,2.7,2.3,2.5,2.4,2.4,2.4,2.4,2.6,2.5,2.4,2.3,2.5,2.5,2.2,2.5,2.4,2.5,2.5,2.4,2.4,2.5,2.2,2.5,2.4
Building 2,Electricity,KWh,Meter 1,29/09/2013,2.4,2.3,2.4,2.5,2.4,2.4,2.3,2.6,2.2,2.5,2.5,2.5,2.3,2.3,2.4,2.6,2.3,2.5,2.4,2.5,2.3,2.5,2.6,2.6,2.7,2.6,2.3,2.5,2.3,2.5,2.5,2.3,2.4,2.4,2.3,2.4,2.2,2.5,2.2,2.6,2.5,2.3,2.3,2.4,2.3,2.6,2.4,2.6
Building 2,Electricity,KWh,Meter 1,30/09/2013,2.3,2.4,2.4,2.7,2.6,2.5,2.5,2.9,2.4,2.8,2.4,3.2,4.8,9.3,10.5,10.5,10.8,9.2,8.5,8.8,9.3,8.5,8.9,8.9,9.8,9.3,9.7,10,9.5,10.3,9.3,6.2,6,7.3,8.8,8.1,7.9,5.7,5.9,5.4,5.4,5.1,5,3,2.7,2.7,2.7,3
Building 2,Electricity,KWh,Meter 1,01/10/2013,2.3,2.9,2.5,2.7,2.6,2.6,2.6,2.8,2.6,3.2,3.3,3.9,4,4.2,4.9,5.7,4.8,4.6,4.4,4.2,7.6,9.6,10.9,9.9,9,9.1,9.1,9.2,9.3,9.6,10.4,7.9,6,6.7,8.6,8.5,7.9,6.5,5.9,5.8,4.8,5,5.1,5.1,5,2.9,2.8,3.5
Building 2,Electricity,KWh,Meter 1,02/10/2013,2.7,3.4,2.8,3,2.9,3.3,3,2.9,3,2.9,2.9,3.4,3.3,4.5,4.1,7.3,8.7,8.7,9.9,9.4,9.1,9.4,9.2,9.7,9.7,9.1,9.1,8.7,9.6,9.1,8.5,6.7,6.7,7.5,9.1,8.8,8.5,6.6,6.1,6.4,5.4,5.6,3.4,2.8,3,2.8,3,2.8
Building 2,Electricity,KWh,Meter 1,03/10/2013,3.2,3.2,3,2.7,3,3.1,3,3.1,3.1,3.2,3.3,3.4,3.7,4.2,4.2,4.3,4.9,4.5,4.9,6.5,8.9,9.5,10.1,9.3,10.8,10.5,10.3,9.2,10.4,9.4,8.6,6.8,7.1,8.8,9.1,8.6,7.2,6.1,6,6,5.8,5.3,5.3,5.1,3.5,3.2,3.1,3.5
Building 2,Electricity,KWh,Meter 1,04/10/2013,3.7,3.2,3.4,3.2,3.7,3.4,3.5,3.4,3.5,3.4,3.6,3.8,4.8,4.5,4.7,5.5,5.2,5,5.1,4.8,8.4,9.5,10.6,10.9,9.7,9.8,10.1,10.6,9.2,8.9,8.3,7.2,5.8,6.8,8.2,8,7.6,5.3,5.4,5.2,5.6,5.3,5.4,5.4,5.1,5.2,4.2,2.9
Building 2,Electricity,KWh,Meter 1,05/10/2013,3.8,3.2,3.6,2.9,3.1,3.3,2.8,3,3.1,3.6,2.9,3.2,3,3,3,2.8,2.9,3.3,2.8,3,3.2,2.9,2.7,2.9,2.8,2.9,2.5,2.9,2.8,2.8,2.6,2.8,2.7,2.8,2.9,2.7,2.7,2.9,2.6,2.8,2.8,2.8,2.8,2.9,2.6,2.8,2.8,2.9
Building 2,Electricity,KWh,Meter 1,06/10/2013,2.7,2.8,2.8,2.9,2.8,2.7,2.7,2.7,2.8,2.7,2.8,2.7,3.1,2.7,2.7,2.9,2.7,2.8,2.7,2.6,3.2,2.6,2.7,2.8,2.6,2.7,2.8,2.6,2.9,2.5,2.7,2.7,2.8,2.6,2.8,2.6,2.7,3,2.6,2.7,2.9,2.6,2.9,2.7,2.6,3.1,2.6,2.8
Building 2,Electricity,KWh,Meter 1,07/10/2013,2.7,2.7,3,2.7,3.2,2.8,3.3,2.8,3.1,2.9,2.9,3.5,3.5,4.3,4.7,4,4.3,4.7,7.7,7.7,8.2,8.1,7.9,8.3,8.5,9,8.6,9,8.7,8,7.4,6.9,5.7,6.2,8.4,8.4,8.1,6.7,5.6,5.1,4.9,4.6,2.7,2.9,2.9,2.8,2.7,2.8
Building 2,Electricity,KWh,Meter 1,08/10/2013,2.8,2.7,2.8,2.9,3.2,3,2.9,3,2.9,2.9,3.1,3.2,3.7,4.4,5.2,5.7,8.6,9,9.1,9,9.3,9.6,9.8,9,9.9,9.4,9.1,8.4,8.7,8.4,7.8,7.1,9,9.4,9.1,7.3,6.7,6.7,6.8,5.2,3.3,2.9,3.1,2.7,3.1,2.8,2.9,2.9
Building 2,Electricity,KWh,Meter 1,09/10/2013,2.9,2.9,3.2,3,3.1,3.1,3,3.2,3,3,3.4,3.2,3.9,3.7,4.2,3.7,3.5,4.3,4.4,6.2,9.3,9.2,9.2,9.3,8.9,9.6,9.1,8.1,8.3,8,7.5,9.5,9.6,8.8,7.3,6.9,6.5,5.7,4.4,4.2,3,3.1,2.8,3.1,2.9,3,3,3.1
Building 2,Electricity,KWh,Meter 1,10/10/2013,2.8,3,3,3.2,3.3,3,3.5,3.2,3.2,3.2,3.3,3.4,3.4,4.9,5.5,9.3,10.3,9.4,9.4,9.4,10.4,10.1,11.5,11.8,11.9,10.7,10.9,10.6,9.9,9.3,9.8,7.9,7.8,7.2,9.2,9.2,9.5,8.1,6.8,6.4,6,5.7,4.6,3.2,3.9,4.3,3.3,4.5
Building 2,Electricity,KWh,Meter 1,11/10/2013,4.1,3.3,4.2,3.5,3.8,4.6,3.5,4.4,3.5,3.3,4.8,3.7,4.9,4.8,5.3,5.4,8.2,10.4,9.8,9.9,10.7,10.5,10.1,10.6,9.6,9.8,8.9,9.3,8.8,9.6,9.7,8.9,8.1,5.9,6,8.1,8,7.7,5.9,5.1,5.2,5.1,3.6,2.9,4.5,3.6,2.9,4.3
Building 2,Electricity,KWh,Meter 1,12/10/2013,3,2.9,5.4,3,2.9,4.1,2.9,3.9,3.2,2.7,3.8,2.9,5,3.6,3.9,4.8,4.2,4.8,3.6,3.8,4.2,4.8,4,3.7,3.7,3.9,3.8,3.7,3.8,3.8,4.1,3.2,4.3,3.5,3.7,4,4,4.2,3.2,2.6,2.7,3,2.7,2.6,2.9,2.7,2.9,2.7
Building 2,Electricity,KWh,Meter 1,13/10/2013,3.1,2.9,2.7,2.8,2.8,2.7,2.9,2.7,3.1,2.8,2.7,2.7,2.8,2.8,3.1,4,4.2,3.2,3.5,3.2,4.3,3.8,4,3.8,3.9,3.7,3.4,3,2.6,2.8,2.5,3,2.4,2.6,2.5,2.5,2.5,2.5,2.8,2.5,2.5,2.6,2.4,2.5,2.3,2.4,2.6,2.5
Building 2,Electricity,KWh,Meter 1,14/10/2013,2.5,2.4,2.6,2.7,2.8,2.9,2.6,3.1,2.6,2.7,2.6,3.5,3.5,4.3,4.4,5.2,4.7,5.9,9.1,9.9,8.9,9.3,10,9.7,9.6,9.4,8.5,8.2,8.3,7.1,9,9.3,8.4,8,5.9,5.8,6.1,5.9,5.7,3.4,3.4,4,2.8,2.6,2.8,2.6,2.7,2.6
Building 2,Electricity,KWh,Meter 1,15/10/2013,2.4,2.6,2.7,3.2,2.9,3,2.8,2.8,2.9,2.9,2.7,3.4,3.4,3.3,3.9,4.3,4.1,4.4,3.9,6.7,8.3,8,7.1,7.4,7.4,6.9,7.2,7,7,8.2,9.2,8.3,8.2,6.2,6.2,5.2,3.9,2.4,2.5,2.4,2.4,2.6,2.4,2.6,2.4,2.5,2.4,2.5
Building 2,Electricity,KWh,Meter 1,16/10/2013,2.4,2.4,2.9,2.8,2.8,2.6,2.9,2.6,2.8,2.9,2.8,3.2,3.3,3.5,3.6,4.8,7.6,8.4,9.8,10.3,9.9,10.1,10.6,9.9,10,10.2,10.2,10.8,9.5,8.6,7.6,9.2,9.1,8.8,6.5,6.3,6.1,6,6.2,5.5,2.8,2.9,2.7,3.3,2.9,3.1,3.2,2.9
Building 2,Electricity,KWh,Meter 1,17/10/2013,3,2.8,3,2.9,3,2.9,3.3,2.9,2.9,2.9,2.9,3.1,4.2,4.1,4.1,5.1,8.2,8.3,8.3,8.3,8.1,7.7,7.5,8.6,9,9.1,9.8,9.6,9.1,9.7,9.4,10,6.9,6,7.2,9.8,9.3,9,6.6,6,5.4,5.6,5.4,3.6,3.2,3.6,3.4,3.6
Building 2,Electricity,KWh,Meter 1,18/10/2013,3.4,3.5,3.7,3.7,3.6,3.5,3.6,3.5,3.6,3.7,3.6,4.1,4.2,4.6,5,5,4.7,4.8,4.5,6.4,10.7,9.3,10.1,10.1,10.6,10.2,10.4,10.3,10.2,10.4,12.2,6.9,6.5,8.2,9.4,8.6,7.6,6.2,6,5.9,6.1,5.8,4.1,3.7,3.8,3.5,4,3.5
Building 2,Electricity,KWh,Meter 1,19/10/2013,4,3.7,4.4,3.8,3.6,4.1,3.6,3.6,3.7,3.8,3.5,3.7,3.4,3.7,3.6,3.5,3.4,3.6,3.2,3.4,3.4,3.2,3.3,3.3,3.5,3.7,3.5,3.7,3.6,3.6,3.5,3.7,3.4,3.6,3.5,3.6,3.4,3.7,3.4,3.6,3.5,3.8,3.5,3.5,3.6,3.4,3.6,3.6
Building 2,Electricity,KWh,Meter 1,20/10/2013,3.5,3.8,3.6,3.6,3.7,3.6,3.6,3.4,3.7,3.5,3.6,3.4,3.8,3.6,3.4,3.4,3.5,3.5,3.5,3.3,3.3,3.4,3.6,3.3,3.4,3.7,3.3,3.3,3.6,3.4,3.2,3.4,3.4,3.6,3.3,3.3,3.4,3.5,3.4,3.3,3.3,3.5,3.4,3.4,3.4,3.1,3.3,3.3
Building 2,Electricity,KWh,Meter 1,21/10/2013,3.6,3.2,3.2,3.3,3.4,3.1,3.4,3.2,3.5,3.5,3.1,3.8,3.8,4.4,4.5,4.8,4.7,4.8,8,9.3,9,9.9,9.8,9.8,8.7,8.4,8.8,9.3,8.3,8.6,9.2,8.2,6.8,8.7,9.5,9,8.8,6.1,6,5.7,5,3.1,3.4,3.2,3.2,3.5,3.3,3.1
Building 2,Electricity,KWh,Meter 1,22/10/2013,3.3,3.2,3.3,3.5,3.2,3.5,3.4,3.4,3.1,3.4,3.4,3.7,3.9,4.9,4.9,8.3,11.3,11,11.3,10.3,10.4,11.2,10.6,10.4,10.5,10.6,10.4,9.9,8.9,9.5,8.2,7.4,6.9,7,9.1,10.2,9.2,8.5,6.3,6,5.9,5.7,5.6,4.9,3.7,4.5,4.3,3.3
Building 2,Electricity,KWh,Meter 1,23/10/2013,3.6,3.5,3.5,3.3,3.8,3.3,3.3,3.2,3.6,3.3,3.4,3.6,4.2,4.4,4.4,4.4,7.5,9.8,9.4,8.8,8.6,9.6,11.6,9.7,10.7,10.2,9.3,8.9,9.1,7.6,9.2,9.1,8.5,7.7,6.3,6.1,6.2,5.5,5.1,4.9,3.1,3.2,3.2,3,3.1,2.9,3.2,3.2
Building 2,Electricity,KWh,Meter 1,24/10/2013,2.8,3.1,2.9,3.5,2.9,3.1,2.7,3.3,2.9,3,3,3.2,3.7,4.4,4.4,4.6,9.2,9.8,9.3,9.2,8.8,9.2,8.9,8.8,8.5,7.9,8.2,8,7.8,7.9,7.8,8.8,7.8,6.6,7.1,9.6,9,8.6,7.4,5.7,5.7,5.7,5.4,3.6,3.1,3.9,3.3,3.6
Building 2,Electricity,KWh,Meter 1,25/10/2013,3,3.7,3.3,3.5,3.3,3.2,3.1,3.2,3,3.2,3,3.8,4.2,4.8,5.6,4.9,4.8,6.2,8.7,11.6,11.6,11.9,9.6,9.9,10.7,9.9,9.8,10.2,10.6,10.5,9.9,10,7.6,6.7,7.7,8.9,8,7.2,5.6,5.5,5.9,5.7,5.5,5.7,5.8,5.6,5.4,5.4
Building 2,Electricity,KWh,Meter 1,26/10/2013,4.4,3.3,4.6,3.4,3.8,3.6,3.4,3.8,3.6,3.7,3.1,4,3.4,4.1,4.6,3.3,4.2,3.5,4,3.6,3.4,3.5,3.4,3.8,3.5,3.3,3.3,3.4,3.1,3.3,3.3,3.2,3.2,3.4,3.1,3.4,3.1,3.3,3.2,3.3,3.3,3,3,3,2.6,3,2.9,2.9
Building 2,Electricity,KWh,Meter 1,27/10/2013,3,2.8,2.9,2.9,3,2.8,2.8,3,2.9,3,2.8,2.9,3.1,2.8,2.8,2.9,2.9,3.4,3.3,3.4,3.3,3.4,3.5,3.1,3.2,3.1,3.3,3.2,3.2,3,3.4,2.9,3.1,3,3.1,3,2.9,2.9,2.9,2.6,2.9,2.7,3,2.7,3,2.8,2.7,2.8
Building 2,Electricity,KWh,Meter 1,28/10/2013,3,2.7,2.7,2.8,3.3,2.9,2.9,2.8,2.9,2.9,3.2,3.4,3.4,4.4,7,10.5,10.7,11,11.2,10.2,10.1,10,10.7,10.3,11.7,12,10.7,12,10.8,11.7,11.9,10.1,7.2,6.7,6.6,9,9.3,8.8,7.3,6,6,6.1,5.9,6.2,5.9,6.1,5.7,5.6
Building 2,Electricity,KWh,Meter 1,29/10/2013,5,3.4,3.9,4.4,3.5,3.7,3.3,3.6,3.3,3.5,3.4,3.7,3.5,3.5,4.2,4.6,4.5,9.1,10.5,10.1,10.2,10.8,11.1,9.9,10.9,10.7,12.8,10.3,11.5,9.8,9.8,9.4,7.9,6.8,6.6,8.4,9.4,8.6,8.2,5.9,6.2,6.2,6.3,5.8,5.4,3.3,4,3.6
Building 2,Electricity,KWh,Meter 1,30/10/2013,3.5,4.3,3.5,3.8,3.5,3.5,3.5,3.6,3.5,3.8,3.5,3.6,3.6,3.8,4.3,3.9,4.4,8,7.9,7.5,7.8,8.4,8.5,10.2,11.2,11.1,10.8,9.9,10.4,10.5,9.5,7.1,7.4,8.6,9,8.6,6.8,5.7,5.9,5.9,5.9,6,6,5.8,5.4,3.6,3.9,3.8
Building 2,Electricity,KWh,Meter 1,31/10/2013,3.5,4,3.7,3.8,3.5,3.8,3.7,3.6,3.6,3.7,3.7,3.8,3.6,4,4.8,4.8,4.3,5.4,8.1,10.2,9.7,9.4,9.2,9.6,10.2,9.3,8.4,9.1,8.3,7.8,8.6,6.8,7.6,9.2,8.9,8.8,6.2,6.4,6.1,6,6.1,5.8,6,4.7,3.3,3.6,3.6,3.8
Building 2,Electricity,KWh,Meter 1,01/11/2013,3.4,3.6,3.4,3.6,3.5,3.7,3.4,3.5,3.5,3.4,3.4,3.3,3.5,3.9,4.6,4,4.5,6.4,9.5,10.3,9.5,10,10,10.9,10.9,11.3,9.7,11.3,9.8,10.1,9.6,9.4,8.7,7,6.7,8.4,9,8.4,7.2,5.4,5.9,5.6,6.2,5.9,5.8,3.7,3.7,3.7
Building 2,Electricity,KWh,Meter 1,02/11/2013,3.6,4,3.3,3.6,3.5,3.6,3.3,3.7,3.6,3.2,3.6,3.6,3.5,3.7,3.6,3.7,3.7,3.6,3.6,3.6,3.4,3.1,3.1,3.1,3.2,3.3,3.4,3.1,3.4,3.1,3.6,2.8,3.5,3.2,3.7,3.3,3.7,3,3.3,3,2.8,3.8,3,3.8,2.8,3.5,3.8,3
Building 2,Electricity,KWh,Meter 1,03/11/2013,3.5,2.8,3.4,2.9,3.2,2.7,2.9,3.1,3,2.9,2.8,2.9,3.1,2.9,3.1,3,2.8,2.9,2.9,2.9,3,3.1,3,2.9,2.9,2.9,2.7,3.1,2.8,3.3,2.8,2.9,2.8,2.9,2.7,3,3,3,2.7,2.8,2.7,3.1,2.9,3,3.2,3,2.8,3.1
Building 2,Electricity,KWh,Meter 1,04/11/2013,2.8,2.9,2.8,2.9,3,2.9,2.9,2.8,2.9,2.9,2.9,2.7,2.9,3.5,3.3,3.8,4,4.9,4.8,4.3,6.3,7,8.3,10.8,11.1,11,11.4,9.4,9.1,9,9,8.5,7.4,8,8.2,7.9,5.9,5.1,5.3,4.7,2.7,3.1,3,2.8,3,2.9,3,3
Building 2,Electricity,KWh,Meter 1,05/11/2013,3,3.1,3.3,2.8,3.3,3.2,3.3,3.3,3.2,3,3.3,3.2,3.1,3.4,3.7,4.5,4.8,4.7,7,8,8.4,8.7,9,9.4,9.1,9.4,10.3,9.4,9.3,11.1,7.6,7.6,9.3,8.5,7.9,6.9,5.4,5.5,5.2,4.7,3.2,3.2,3.1,3.3,3.1,3.3,3,3
Building 2,Electricity,KWh,Meter 1,06/11/2013,3.5,3.2,3.2,3,3.5,3.2,3.3,3.4,3.2,3.4,3.3,3.3,3.3,3.6,3.9,4.1,6,6,6.1,7.2,9.8,10.7,10,10.1,11.3,10.7,10.7,11,11.4,11.1,10.8,9.4,9.4,8.8,8.2,7.3,5.6,5.6,5,2.7,2.8,2.7,2.7,2.7,2.5,2.6,2.5,2.7
Building 2,Electricity,KWh,Meter 1,07/11/2013,2.5,2.5,2.5,2.6,2.4,2.7,2.6,2.7,2.5,2.7,2.5,2.6,2.6,2.9,3.4,3.8,3.7,7.2,9.9,10.6,11.1,11.7,10.6,11.6,11.9,10,10.8,12.3,11.5,12,10,9.2,8.9,6.2,6.3,8.2,7.8,7.6,6.2,4.9,4.7,5,3.9,2.6,3.1,2.7,2.6,2.6
Building 2,Electricity,KWh,Meter 1,08/11/2013,2.7,2.5,2.7,2.4,2.5,2.9,2.6,2.5,2.9,2.5,2.7,2.6,2.6,3.4,3.3,3.8,4.6,7.3,7.9,9.5,9.6,9.1,10,8.9,10,9.6,8.9,8.9,9.3,9.6,9.7,8.3,7.9,6.1,5.5,7,8.3,7.6,7.5,5.6,5.2,5.3,5.2,4.9,3.2,2.8,3.4,2.7
Building 2,Electricity,KWh,Meter 1,09/11/2013,2.8,2.7,2.8,2.8,2.8,2.7,2.8,2.5,2.7,2.5,2.6,2.6,2.9,2.6,3.1,3,2.9,3,2.8,3.1,3.1,2.9,3,3,2.7,2.9,2.8,2.9,2.6,3,2.8,3,2.8,2.8,2.8,2.9,2.6,2.8,2.7,2.9,3,2.8,2.5,2.8,2.6,2.7,2.7,2.9
Building 2,Electricity,KWh,Meter 1,10/11/2013,2.7,2.6,2.6,2.6,2.6,2.8,2.8,2.5,2.7,2.7,2.7,2.8,2.8,2.8,2.8,2.8,2.9,4.4,4.5,4.6,4.7,4.6,4.5,4.5,4.6,4.5,4.4,3.1,2.6,2.5,2.5,2.6,2.5,2.5,2.8,2.5,2.5,2.4,2.6,2.5,2.4,2.9,2.4,2.4,2.6,2.4,2.4,2.6
Building 2,Electricity,KWh,Meter 1,11/11/2013,2.6,2.5,2.6,2.7,2.7,2.8,2.9,3.1,2.9,3,2.9,3,2.8,3.6,4.3,10.2,10.5,11.5,11.2,10.9,12.1,12.4,12.1,11.2,12,11.5,10.9,11.6,12.2,10.6,10.5,10.4,9,6,6.8,8.6,8.6,8,5.5,5.3,5.5,5.5,5.3,5.2,4.1,3,3.3,3.2
Building 2,Electricity,KWh,Meter 1,12/11/2013,3.2,2.9,3.3,2.9,3.5,3.2,3.1,3.2,3.2,3.3,3.2,3.1,3.5,3.3,3.8,5.8,6,6.3,8.5,9.5,10.2,9.6,9.7,9.6,9.9,10.3,10.2,10.1,10.2,10.2,9.3,9.2,9.3,8.7,8.4,8.6,6.2,5.8,5.6,5,3.8,4,2.9,3,2.8,3,2.7,2.9
Building 2,Electricity,KWh,Meter 1,13/11/2013,2.8,2.8,2.8,3,2.8,3.1,3.1,3,3,3.2,3,3.1,3,3.5,3.3,4.1,4.5,4.6,5.7,9.2,10.5,10.1,10.4,9.6,9.9,11,9,8.6,8.2,9,8.8,8.6,6.9,6.7,6.9,9.2,9.2,8.3,7.2,6.1,5.8,5.9,6,3.9,3.3,2.8,2.6,2.9
Building 2,Electricity,KWh,Meter 1,14/11/2013,2.6,2.7,2.5,2.7,2.7,2.8,2.9,3,2.7,2.7,2.6,3,2.8,3.2,4.9,5.9,5.6,5.5,5.4,5.3,5.8,8.9,10,9.8,9.5,8.2,8.7,9,10,10.4,11.1,10.6,12.2,10.9,8.3,8.6,9.6,9.3,8.9,7.1,6.3,6.3,6.7,6.4,6.2,4.5,3.3,4.1
Building 2,Electricity,KWh,Meter 1,15/11/2013,3,2.8,2.8,2.9,2.9,3.1,2.9,3.2,3,3.1,2.8,3.2,2.7,3.4,3.6,4.1,4.8,4.7,4.5,5.6,10.4,9.6,9.9,9.6,9.6,9.1,9.1,9.3,8.7,10,9.4,9.6,9.4,9.1,8,7.8,9.9,9.8,8.3,6.1,5.4,3.5,3,3.3,2.9,3,2.9,3.1
Building 2,Electricity,KWh,Meter 1,16/11/2013,2.9,3.3,2.8,3.1,2.9,3,3,2.9,3,3.3,2.9,3.4,2.8,3,3.7,4,3.8,3.8,3.3,3.9,3.6,3.6,3.6,3.6,4.1,3.9,3.8,3.9,3.8,3.8,3.8,3.7,3.6,3.6,3.1,3,2.9,2.8,2.9,2.9,2.8,3,3.1,2.9,3.1,2.8,3,3
Building 2,Electricity,KWh,Meter 1,17/11/2013,2.9,3,2.8,3.3,2.9,2.9,2.9,2.9,2.8,3.1,2.8,3.1,2.9,3.3,3.3,3.5,3.6,3.6,3.4,3.7,3.4,3.7,4.3,5,4.8,4.8,4.8,4.8,3.3,3,2.8,2.9,2.8,2.9,3.1,2.9,2.9,2.9,2.8,3,2.7,3,2.8,3.1,2.9,2.9,3.1,2.8
Building 2,Electricity,KWh,Meter 1,18/11/2013,2.9,2.8,2.8,3,2.8,3,2.8,3,2.9,3,2.9,3,3,3.3,4.2,4.5,4.7,7,8.1,9.1,8.6,8.6,8.5,8.7,9.3,9.8,9.9,10,10.3,11.1,10.6,10.5,8.9,8.1,7.5,8.4,10.1,9.9,9.4,7.1,6.8,6,3.9,4.3,3.7,4,3.3,3.3
Building 2,Electricity,KWh,Meter 1,19/11/2013,3.3,3.4,3.5,3.7,3.2,3.4,3.3,3.5,3.2,3.2,3.3,3.4,3.7,3.5,4.5,5.1,4.9,4.7,5,4.3,5.4,6.7,9.9,11.5,10.9,11.6,10.7,11,10.9,11.6,11.1,10.9,9.5,6.8,8.1,9.2,8.8,8.1,6.3,6.1,3.7,3.6,3.6,3.6,3.7,3.2,2.9,2.9
Building 2,Electricity,KWh,Meter 1,20/11/2013,3,2.9,3.1,3.5,3.7,3.3,3.4,3.1,3.4,3.2,3.4,3.7,3.5,4,4.3,4.7,5.5,4.9,8.4,9,8.5,8.3,8.1,8.1,9.2,9,11.3,10.3,10.7,10.7,10.1,9.3,9,9.4,8.3,7,8.1,8.6,8,7.3,5.8,5.7,5.7,5.8,5.8,5.3,2.9,3.3
Building 2,Electricity,KWh,Meter 1,21/11/2013,3.9,2.9,4.5,4.2,3.1,4.5,3.3,3.2,4.2,3.2,4.4,3.1,3.4,4.2,3.7,6,5.1,5.9,4.8,5.5,6.5,8.3,8.5,9,7.9,8.6,10,8.7,9,8.8,9.8,12.1,9.4,7.2,6.8,8.4,9.3,8,7.6,5.2,5.4,5,4.1,3,3.3,3.1,3,2.9
Building 2,Electricity,KWh,Meter 1,22/11/2013,3,3.1,3,3.2,3,3,3.2,2.8,3.2,3.1,3.1,3.3,3,3.5,3.8,4.7,5.5,5,5.5,7.3,8.3,8.6,9.4,10.8,11.4,10.8,11.1,10.6,10,10.9,12,11.9,9.8,10.6,9.2,9,8.8,8.6,8.4,6,5.8,6.1,4.4,3.3,3.9,3.4,3.5,3.2
Building 2,Electricity,KWh,Meter 1,23/11/2013,3.5,3.4,3.2,3.3,3.4,3.3,3.4,3.3,3.2,3.4,3,3.1,3.2,3.9,4.2,4.4,4.9,4.4,4.4,4.7,4.6,4.8,4.7,5,4.3,4.2,4,4.2,4.1,4.3,4,4.5,4.2,4.1,3.9,4.4,4.3,4.2,4.1,4.6,3.5,3.3,3,3.1,3.1,3.1,2.8,2.9
Building 2,Electricity,KWh,Meter 1,24/11/2013,3.3,4.1,3.2,3.3,3.5,3.4,3.4,3.7,3.6,3.7,3.3,3.5,3.3,4.1,7.2,4.2,4.2,4.2,4.3,4,4.4,4.1,4.2,4.2,4.6,4.7,4.3,4.2,4.3,4.2,5,4.6,4.6,5.3,5,5.2,4.6,4.6,4.4,4.4,4.6,4.9,3.3,3.1,2.8,2.9,2.8,2.9
Building 2,Electricity,KWh,Meter 1,25/11/2013,2.8,3.1,2.8,2.9,3,3.1,3.2,3.2,3,3.1,3.4,3.1,3.2,4.7,5,4.6,4.8,6.7,12.1,11.5,11.3,10.9,11.5,11.6,11.9,11.5,12.4,11.1,10.4,10.4,10.1,10.8,9.1,9.7,9.6,8.4,7,6.9,6.9,5,4.2,4.1,3.8,3.9,3.9,3.5,3,3.1
Building 2,Electricity,KWh,Meter 1,26/11/2013,2.8,3,3.1,3.1,3.1,3.3,3.1,3.3,3.1,3,3,3.4,3.2,3.4,3.4,4.6,4.5,4.7,4.9,5.1,5,5.9,9.4,9.7,10.4,9.4,9,8.4,8.1,7.2,7.7,7.9,9.2,8.1,7.8,6.5,5.1,5,4,2.9,2.8,2.9,2.8,2.9,2.9,2.7,2.9,2.9
Building 2,Electricity,KWh,Meter 1,27/11/2013,3.1,3,2.9,2.7,3.1,2.9,2.9,3,3.2,2.9,3,3,3.1,3.5,3.7,3.7,4.4,5.1,5.1,5.7,12,11.2,11.8,11.8,11.6,11.1,10.4,10.2,10.6,10.7,10.6,10.4,8.6,9.6,10,9.6,7.5,6.8,6.8,6.9,6,4.4,4.6,4.4,3.6,3.1,3.2,3.3
Building 2,Electricity,KWh,Meter 1,28/11/2013,3.3,3.2,3.1,3.3,3.3,3.6,3.4,3.6,3.4,3.4,3.5,3.5,3.4,3.8,4.4,4.5,5.4,5.8,4.8,4.7,5.2,7.4,9.1,9.1,10.4,12.1,10.5,10.4,10,10.2,11.5,11.2,9.6,8.9,8.2,6.9,6.3,9,9.2,8.9,7.8,6.4,6.5,5.8,6.2,4,3.1,2.6
Building 2,Electricity,KWh,Meter 1,29/11/2013,2.7,2.7,2.7,2.8,2.8,2.9,3,3,2.8,3.1,3.1,3.1,3.1,3.7,3.6,3.9,4.2,4.7,4.8,5.3,5.2,5.3,5.3,9.1,12.7,11.6,12.1,12.1,11.4,12.6,11.3,10.9,10.2,8.1,8.2,9.8,9.9,9.4,8.1,6.6,5.8,5.9,5.5,5.2,3,2.9,3.4,2.8
Building 2,Electricity,KWh,Meter 1,30/11/2013,3.5,3.2,3.3,2.9,3.3,3,2.9,2.9,3.4,2.9,2.9,2.9,3.1,2.8,3.1,2.8,3.6,3.5,3.4,3.6,3.2,3.9,3.3,3.7,3.3,3.5,3.8,3.4,3.5,4.1,3.9,3.9,4.3,4.3,3.3,2.8,2.6,2.8,2.7,2.9,2.6,2.7,2.7,2.6,2.8,2.8,2.6,2.7
Building 2,Electricity,KWh,Meter 1,01/12/2013,2.7,2.8,2.6,2.8,2.8,2.6,2.8,2.8,2.5,2.7,2.7,2.7,2.6,2.6,2.5,2.9,2.8,4,4.7,3.9,3.7,3.8,3.7,3.9,4.1,4.2,4.2,4,4.5,3.8,4.3,4.4,4.4,4.5,4.1,3.9,4,2.6,2.7,2.6,2.4,2.7,2.5,2.5,2.7,2.8,2.5,2.6
Building 2,Electricity,KWh,Meter 1,02/12/2013,2.6,2.6,2.5,2.5,3,2.8,2.9,3,2.8,3,2.9,2.8,3.1,3.6,4.1,4.5,4.4,4.9,9.5,12,11,11.3,13.2,12.9,11.4,10.7,11.7,12.5,10.5,10.2,8.5,9,8,7.9,6.8,7.9,8.6,8.3,7.9,5.3,5.6,5.5,4.9,3.1,2.7,2.6,2.8,2.8
Building 2,Electricity,KWh,Meter 1,03/12/2013,2.9,2.9,2.5,2.9,3,3.1,3,3.2,3.1,3.2,2.9,3.1,3,3.2,5.1,5.5,5.5,5.7,8.4,8.5,8.7,9.3,9.9,9.4,8.7,8.6,8.9,9.4,9.4,8.9,8.2,8,6.9,6,7.1,8.5,8.1,7.8,5.3,5.3,5.1,4.9,2.8,2.4,3,2.7,3,2.6
Building 2,Electricity,KWh,Meter 1,04/12/2013,2.5,2.6,2.7,2.7,3,2.8,3.2,2.9,3.2,3.1,3,3.1,3.1,3.6,3.9,4.6,4.8,4.5,7.5,8.9,8.9,8.5,9.6,10.6,11.2,11.3,11.8,11.7,10.3,10.2,11.9,10.7,8.8,6.4,5.9,8,8.7,7.9,7,5.3,5.3,4.9,3.4,2.7,3.1,2.6,2.8,2.5
Building 2,Electricity,KWh,Meter 1,05/12/2013,3,2.6,2.9,2.8,2.8,2.8,2.9,2.9,3,2.8,3.2,3,3.3,3.9,4.1,4.9,5.4,5.9,7.9,11.7,11.5,9.8,10.1,10.7,11.9,11.3,10.7,10.4,10.8,11,10.6,9,9.8,9.5,6,5.7,7.6,8.1,7.8,7.2,5.1,5.3,5.3,5.2,4.9,4.9,2.9,2.8
Building 2,Electricity,KWh,Meter 1,06/12/2013,3.3,3,4.1,2.8,3.4,3.1,3.4,3.2,3.2,3.3,3.1,3.4,3,3.7,3.8,4.6,5.1,4.8,4.9,7.2,9.5,10.5,10,10.6,10.5,10.5,10.9,11.1,9.9,10.7,10.1,10.2,10.3,7.6,6.9,9.2,10.1,9.8,8.9,7.2,6.1,5.4,4.8,3,3.1,3,2.9,3
Building 2,Electricity,KWh,Meter 1,07/12/2013,2.8,2.9,2.8,3,3,2.8,2.8,3,2.8,2.8,2.9,3,2.9,3,2.8,2.9,3,4.2,3.5,4,3.7,3.8,3.8,3.9,3.8,3.9,3.8,3.8,3.8,3.7,3.7,4.2,2.8,2.9,2.9,2.9,2.8,3,2.8,3,2.9,3.1,2.7,2.9,2.5,2.7,2.8,2.9
Building 2,Electricity,KWh,Meter 1,08/12/2013,2.9,2.6,2.4,2.6,2.5,2.5,2.7,2.6,2.8,2.7,2.8,2.8,2.6,2.6,2.8,2.7,2.6,2.8,2.7,2.5,2.5,2.9,2.9,2.9,2.7,2.6,2.6,2.6,2.6,2.8,2.6,2.4,2.4,2.7,2.5,2.6,2.9,2.7,2.5,2.5,2.6,2.7,2.4,2.7,2.6,2.7,2.6,2.4
Building 2,Electricity,KWh,Meter 1,09/12/2013,2.8,2.7,2.7,2.4,2.8,2.8,2.7,2.8,2.9,3,2.8,2.9,2.8,3.5,3.4,4.2,9.7,11.1,10.9,11,10.2,9.8,12.6,11,10.7,10.2,9.8,10,10.8,10.2,8.6,7.5,9.3,8.4,8.1,6.6,6,5.3,4.9,2.9,3.1,2.9,2.8,3,3.1,3.1,2.8,3
Building 2,Electricity,KWh,Meter 1,10/12/2013,2.9,3,2.6,2.7,3,3,2.7,2.9,2.9,3,2.7,2.9,2.8,3.1,3.4,5,9.1,9.9,9.6,9.9,10.9,9.7,9.6,10.4,10.5,9.8,10.3,10.2,10.4,10.7,10.2,9.5,7.4,6.4,6.3,8.6,8.8,8.2,6.8,5.5,5.6,5.5,3.9,2.9,3.4,2.8,2.9,2.9
Building 2,Electricity,KWh,Meter 1,11/12/2013,3,2.9,3.1,2.8,3.1,3,3.2,3.1,3.2,3.2,3.1,3.2,3.1,3.5,3.9,4.7,5.4,4.6,4.5,4.6,6.5,10.5,9.3,9.6,10.3,10.1,10.4,10.1,9.4,9.5,10.1,10.5,8.1,6.5,7.5,8.2,7.4,6.6,5.3,3.9,3.1,3.5,2.9,3.2,3.1,3.2,3.1,3.2
Building 2,Electricity,KWh,Meter 1,12/12/2013,3,3,3.1,3.1,2.9,3.2,3.1,3.1,3.1,3.2,3,3.2,2.9,3.6,4.3,5.4,5.1,6.2,11,10.5,10.4,11.1,10.6,11.9,11.6,11.6,12.4,13.6,11.8,10.5,10.9,10.7,8.4,6.3,7.2,9,8.4,8.4,6.3,5.8,4.8,2.9,3.2,3.1,3.1,3.2,3.2,3.3
Building 2,Electricity,KWh,Meter 1,13/12/2013,3.2,3.2,3.2,3.2,3.4,3.2,3.3,3.1,3.5,3.2,3.3,3.2,3.3,3.6,4.2,4.7,5.2,7.4,9.3,9.5,9.4,11.3,13,10.9,10.5,11.2,10.4,10.7,10.8,10.8,10.1,10.6,9.5,9.3,6.3,6,8.4,8.1,7.5,6.5,5.3,3.8,3.2,3.3,3,3,2.8,2.9
Building 2,Electricity,KWh,Meter 1,14/12/2013,2.7,3,2.7,3.3,2.8,2.9,2.8,3,2.8,2.9,2.7,3,3,2.8,2.8,3,2.9,2.9,2.7,2.9,2.8,3.3,2.8,3,3,3.3,3.2,3.2,3.2,3.3,3.4,3.1,3.2,3.1,3.3,3.2,3.5,3.2,3.3,3.3,3.3,3.3,3.3,2.9,3,2.9,3,3
Building 2,Electricity,KWh,Meter 1,15/12/2013,3.2,2.9,2.9,2.9,3.1,2.9,3,2.8,3.1,3.1,3,2.9,2.9,2.7,2.9,2.8,3,2.7,3.2,2.8,2.9,2.9,3,2.9,3,2.9,2.9,4.8,4.7,4.2,4.3,4.2,3.2,2.8,2.9,2.9,2.9,2.9,3.1,2.8,2.9,3.1,2.9,2.9,2.8,2.8,2.8,2.8
Building 2,Electricity,KWh,Meter 1,16/12/2013,3,2.9,3,2.7,2.9,3,2.8,2.8,2.8,2.8,2.8,3.2,2.8,3.4,3.9,4.7,7.4,8.3,8.9,9.1,8.4,9.6,11.8,10.5,11.3,12.1,12.9,11.4,11.3,11.7,10.5,10.9,12.8,9.5,7.8,7.2,9.6,9.9,9.2,8.5,6.9,5.1,4.6,4.3,3.2,3.2,3.2,3.1
Building 2,Electricity,KWh,Meter 1,17/12/2013,3.1,3.3,3,3,3,3.1,3.2,3.2,3.1,3.2,3.3,3.2,3.1,3.7,3.6,5.6,4.6,5.5,5.9,4.9,4.8,6.2,8.1,8.1,8.5,8.1,8.4,8.4,8.3,9.8,12.2,11.7,11.1,10.1,6.8,5.7,8.4,8.4,8.1,6.9,5.4,3.6,3,3,2.9,3.2,2.9,3.1
Building 2,Electricity,KWh,Meter 1,18/12/2013,2.9,3.2,2.9,3.3,2.8,3.3,3.1,3.2,3.2,3.2,3.1,3.3,3.1,3.7,4.2,4.8,4.7,6.3,10.9,10.1,9.4,9.6,10.6,10.4,12.2,10.5,10.8,10.6,12.7,10.9,9,9.5,11,7.6,6.7,5.6,6.1,8.2,8,7.8,6.1,5.2,5.1,5,4.5,3.1,3.7,4.5
Building 2,Electricity,KWh,Meter 1,19/12/2013,3,3.4,2.9,3.2,3.1,3.2,3.2,3.4,3.2,3.1,3.3,3.2,3.2,3.5,3.9,4.7,5.9,6,5.6,5.2,5.1,6.1,8.7,10.8,11.1,11,11.2,10.1,10.3,10.6,10.3,12,11.7,7.9,6,8.2,8.7,7.9,7.1,5.6,5.6,5.6,4.1,2.8,3.1,2.8,3,2.8
Building 2,Electricity,KWh,Meter 1,20/12/2013,2.9,3.1,3,2.9,3.3,3.3,3.3,3.1,3.4,3.3,3.2,3.2,3.3,3.6,3.9,4.8,5.7,10.8,10,9.8,10.4,10.4,10.3,10.1,10.8,10.6,11.2,10.9,10.7,9.4,9.9,9.2,9,8.9,7.1,6.1,8.1,8.8,8.1,7.4,5.5,5.6,5.9,5.7,5.5,4.9,2.9,3.4
Building 2,Electricity,KWh,Meter 1,21/12/2013,3.3,3.2,4.4,2.9,3,2.9,3.2,2.9,3.1,3.1,2.9,2.9,3.1,2.9,3,2.9,3,3.1,2.9,3,2.9,3,2.9,3.1,3.1,2.9,2.9,3,2.9,3.1,3,3.1,3,3,2.9,3.1,2.9,3.1,3,3.2,2.9,3,2.9,2.8,2.9,3,3,3.1
Building 2,Electricity,KWh,Meter 1,22/12/2013,2.8,2.8,3,3.1,2.8,3.2,2.8,2.8,2.9,3.1,3.2,3.1,2.9,3.2,2.8,3.1,2.8,2.7,2.8,3,2.8,2.7,2.9,3.2,2.6,2.9,3,2.8,2.8,2.9,2.8,2.7,2.8,2.8,3,2.8,2.8,2.8,2.9,2.6,3.3,2.6,2.8,2.9,2.8,2.8,3,3
Building 2,Electricity,KWh,Meter 1,23/12/2013,3,2.7,2.8,2.8,3,3.1,3.4,3.1,3.1,3,3.2,3,3,3.8,3.4,4.8,4.8,8.7,11.1,12.5,12.7,14.6,13.6,13.4,11.3,10.8,11.5,11,10.9,10.7,11.3,11.3,12.2,12,9.3,7.4,6.7,8.2,8.4,8.1,6.5,5.5,5.8,5.3,3.1,2.9,3.8,3
Building 2,Electricity,KWh,Meter 1,24/12/2013,3.1,2.9,3.3,2.8,3.3,3.2,3.3,3.3,3.4,3.4,3.3,3.2,3.3,3.7,4.6,8.2,8.6,9,10.1,11.4,11.2,11.3,11.5,10.7,10.7,10.1,8.9,8.2,7.4,7.3,9.7,9.2,9.1,7.4,5.8,3.9,3,3.9,2.9,3.1,3.1,3,2.9,2.9,2.9,3,2.9,3.2
Building 2,Electricity,KWh,Meter 1,25/12/2013,3,3,3.2,3,3.2,3.2,3.3,3.4,3.3,3.3,3.2,3.1,3.4,3.6,3.3,3.5,3.3,3.3,3.4,3.3,3.6,3.5,3.6,3.7,3.5,3.3,3.3,3.3,3.6,3.4,3.1,3.2,3.6,3,3.3,2.7,2.9,2.7,2.8,2.7,2.8,2.9,2.6,2.5,2.7,2.7,2.7,2.6
Building 2,Electricity,KWh,Meter 1,26/12/2013,2.6,2.7,2.6,2.5,2.7,2.9,2.7,2.9,3.1,2.9,2.9,3,2.9,3.2,3,2.9,3,3,2.9,2.8,3.1,2.9,2.9,2.8,2.8,3.2,2.9,3,2.9,2.9,2.9,3,3,2.8,3.2,2.9,2.8,2.7,2.5,2.5,2.6,2.9,2.8,2.6,2.8,2.6,2.7,3
Building 2,Electricity,KWh,Meter 1,27/12/2013,3,2.8,3.1,3,3.4,3.3,3.1,3,3,2.9,3.1,2.9,2.8,3.1,3.8,4.3,4.7,4.3,4.4,5.2,4.6,4.6,4.3,5.3,5.2,5.3,4.5,5.4,4.5,4.8,4.9,4.1,3.4,3.1,3.3,3.2,3,2.9,2.9,2.7,3,2.9,2.8,2.7,2.9,2.8,3,2.8
Building 2,Electricity,KWh,Meter 1,28/12/2013,2.8,3.3,2.8,3,2.8,2.8,2.9,2.9,3,2.9,2.9,2.9,2.7,3,2.8,3,2.5,2.8,2.7,2.8,2.5,2.7,3.2,2.7,2.6,2.8,2.7,2.6,2.7,2.7,2.7,2.7,2.7,2.5,2.8,2.7,2.7,2.7,2.6,2.7,2.6,2.7,2.6,2.8,2.8,2.7,2.7,2.7
Building 2,Electricity,KWh,Meter 1,29/12/2013,2.8,2.7,3,2.8,2.7,2.7,2.7,2.9,2.8,3,2.8,2.8,2.8,2.8,2.7,2.9,3,2.7,2.8,2.6,2.7,2.7,2.8,3,2.7,2.7,2.7,2.8,2.6,2.8,3,2.8,2.8,2.8,2.8,2.8,2.8,2.9,2.8,2.8,2.7,2.8,2.7,2.8,3,2.8,2.8,3
Building 2,Electricity,KWh,Meter 1,30/12/2013,2.7,2.8,2.6,3,2.9,3.2,3,3.1,3.1,3.1,4.1,6.7,6.7,7.4,9.6,10.6,11.4,11.2,11.5,10.9,11.3,10.9,9.6,10.1,11.5,11.4,11.8,10.5,9.8,9.3,8.5,8.2,6.6,6.4,8.1,8.8,8.2,7.5,5.7,5.7,5.4,4.2,3.2,3.5,3.2,3.4,3.4,3.3
Building 2,Electricity,KWh,Meter 1,31/12/2013,3.3,3.5,3.2,3.3,3.4,3.6,3.7,3.7,3.6,3.7,3.6,3.6,3.5,4.2,4.1,4.7,4.7,4.7,4.6,4.9,5.2,9.1,8.6,9.1,8.2,8.7,8,8.1,8,8.1,7.7,9.3,9,8,7.1,5.3,5.3,4.9,3.3,2.6,3.2,2.9,3,2.7,3,2.7,2.8,2.8
Building 2,Electricity,KWh,Meter 1,01/01/2014,2.9,2.9,2.7,2.6,2.7,2.6,2.9,2.7,2.8,2.4,2.7,2.5,2.8,3.3,2.9,2.8,2.9,2.8,3,2.9,3.2,3,3.1,3,3.1,2.9,2.9,2.8,3.1,2.8,3,2.7,2.9,2.9,3,2.8,2.6,2.8,2.5,2.6,2.7,2.8,2.5,2.6,2.6,2.7,2.5,2.6
Building 2,Electricity,KWh,Meter 1,02/01/2014,2.7,2.8,2.5,2.7,2.5,2.6,2.4,2.7,2.4,2.3,2.4,2.6,2.5,3.1,3.7,4.5,4.5,5.1,4.5,4.4,4.6,4.4,4.6,4.3,4.6,4.6,4.5,4.1,3.4,3.7,3.6,3.4,3.5,2.8,3,2.7,2.7,2.6,2.5,2.6,2.9,2.7,2.6,2.7,2.6,2.8,2.6,2.8
Building 2,Electricity,KWh,Meter 1,03/01/2014,2.6,2.9,2.7,2.7,2.7,2.9,2.8,2.6,2.8,2.7,2.7,2.9,2.7,3.4,4.2,8.3,9.2,9.9,9.9,9.7,10.9,10.1,9.9,11,12.2,11.8,11.2,11.6,11,12.7,11.1,11.4,10.8,8.2,7,7.9,9.1,8.6,8.3,6.2,6.2,5.9,5.9,6.1,5.7,5.5,4.3,3.4
Building 2,Electricity,KWh,Meter 1,04/01/2014,3.5,3.2,3.4,3.2,3.5,3.4,3.4,3.1,3.3,3.3,3.2,3.1,3.5,3.2,3.2,3.1,3.4,3.4,3.2,3.2,3.3,3,3.4,3.1,3.3,3.2,3.2,3.2,3.2,3.3,3,3.4,3.1,3.2,3.1,3.1,3,3.1,3,3,2.9,2.8,3,3.1,3,3,2.7,2.8
Building 2,Electricity,KWh,Meter 1,05/01/2014,2.9,2.8,3.1,2.9,2.8,2.8,2.8,2.8,2.9,2.9,3,2.8,2.6,2.9,2.7,2.9,2.7,3.1,3,2.9,2.8,2.8,3,2.9,3,3,2.9,3.2,3.3,3.2,3.3,3.2,3.4,3.2,3.1,3.2,3.1,3.2,3,3.1,3,3.3,3,2.9,2.8,3,3,2.7
Building 2,Electricity,KWh,Meter 1,06/01/2014,2.9,2.9,2.9,2.8,3.1,3.3,3.5,3.4,3.1,3.1,3.2,3.1,3.2,4.3,3.5,5,8,11.6,10.8,10.9,10.8,11.5,10.6,10.9,11.1,11.2,10,10.8,10.8,10.7,10.7,10.1,6.8,6.4,7.4,9.1,8.3,8.1,5.9,5.8,5.5,5.8,5.6,5.6,5.6,5.4,3.8,3.5
Building 2,Electricity,KWh,Meter 1,07/01/2014,4.7,3.4,3.4,3.4,3.7,3.5,3.8,3.7,3.5,3.5,3.6,3.6,3.5,4.2,4.4,5.2,6.9,10.2,10.1,10,9.8,10.5,10.1,9.9,10.5,10.1,10,9.7,11,10.4,10.3,10.1,10.8,10.2,8.2,7.4,10.3,10.3,9.9,8.5,7,5.9,6.2,5.9,5.8,5.7,4.4,3.3
Building 2,Electricity,KWh,Meter 1,08/01/2014,3.8,3.2,4.1,3.2,3.6,3.8,3.4,3.7,3.5,3.9,3.8,3.6,3.5,4.2,3.9,5.1,5,7.2,8.9,8.6,8.6,8,9.2,8.3,8.9,7.9,7.7,8.8,9,10.4,11.5,10.7,8.9,6.8,7.1,9.7,9.1,8.5,7,5.9,6,5.8,3.7,3.3,3.5,3.2,3.3,3.5
Building 2,Electricity,KWh,Meter 1,09/01/2014,3.4,3.2,3.4,3.3,3.6,3.5,3.8,3.4,3.4,3.4,3.5,3.5,3.4,3.9,4.5,4.9,8.4,9.5,10.5,11.1,10.5,10.5,10.1,10.8,10.7,10.5,10.1,9.9,10.4,11,9.9,9.7,8.8,7.3,7.3,8.9,9,8.4,7.2,5.9,6,5.4,3.7,3.1,3.4,3.2,3.4,3
Building 2,Electricity,KWh,Meter 1,10/01/2014,3.4,3.2,3.4,3,3.4,3.4,3.5,3.5,3.5,3.3,3.6,3.3,3.4,3.9,4.3,5,5.4,4.9,6.9,9,8.9,8.7,8.7,9,8.4,11,10.6,10.5,11.2,10.4,11.3,11.1,10.7,11,8.1,6.4,8.7,9,8.6,8.3,5.8,6,6,6.2,5.6,4.6,3.3,3.7
Building 2,Electricity,KWh,Meter 1,11/01/2014,3,4,3.4,3.3,3.3,3.4,3.2,3.2,3.5,3.2,3.2,3.3,3.1,3,3.3,3.3,3.3,3.1,3.3,3.1,3.3,3,3.4,3.2,3.1,3.1,3.1,3.1,3.4,2.9,3.5,2.9,3.1,3,3,3.1,3.3,2.9,3,3.1,3,2.9,3,2.9,3,2.7,2.7,2.7
Building 2,Electricity,KWh,Meter 1,12/01/2014,2.8,2.6,2.8,3.2,2.9,2.9,2.8,2.7,2.8,2.7,2.8,2.8,2.7,2.8,2.7,2.7,2.8,3.1,2.7,2.6,2.7,2.9,2.8,2.8,3.1,3,3,2.9,3,2.8,2.9,2.9,2.7,2.8,2.8,3.1,2.9,2.7,3.1,2.8,2.8,2.9,2.8,2.8,2.7,2.9,2.8,2.7
Building 2,Electricity,KWh,Meter 1,13/01/2014,2.7,2.8,2.8,2.8,3.4,3.2,3.1,2.9,3,3.1,3,3,3.2,4,3.6,4.5,4.9,10.5,11.5,11,11.3,11,11.9,12.3,11.3,11.2,10.5,10,10.1,9.9,10.1,9.5,7.5,9.1,8.7,8.8,6.3,6,5.9,5.7,4.8,3,3.8,3.2,3.2,3.1,3.4,3.1
Building 2,Electricity,KWh,Meter 1,14/01/2014,3.1,3.2,3.2,3,3.4,3.6,3.2,3.4,3.4,3.4,3.2,3.4,3.6,3.9,4.1,4.7,6,9.6,9.6,10,11.2,10.9,11.6,10.1,10,10.6,9.5,10,9.5,9.8,9.5,10.1,9.7,8,7.1,7.9,9.1,8.7,8.4,6.5,5.9,5.9,5.9,5.4,3.5,3.8,3.4,3.3
Building 2,Electricity,KWh,Meter 1,15/01/2014,3.4,3.2,3.5,3.5,3.6,3.4,3.7,3.5,3.7,3.6,3.6,3.6,3.6,4.1,4.5,5,5.2,5.8,10.5,9.8,9.8,9.3,9.3,8.8,9.7,9.2,9.5,8.9,9.2,8.8,8.9,9,8.8,8.3,6.8,6.7,8.8,8.7,7.8,6.8,5.6,5.6,5.4,3.7,3.2,3.5,3,3.3
Building 2,Electricity,KWh,Meter 1,16/01/2014,3,3.3,3,3.5,3.3,3.2,3.2,3.5,3.4,3.4,3.1,3.6,3.1,3.5,4.2,5.7,5.7,4.6,4.8,4.7,4.7,9.4,10,8.9,9.7,9,9,8.4,8.8,8.5,8.9,8.6,8.3,6.2,5.7,8.5,8.7,7.6,6.8,5.2,5.4,5.1,4,3,3,2.9,3.1,2.8
Building 2,Electricity,KWh,Meter 1,17/01/2014,3.3,2.9,3,2.8,3.3,3.1,3.2,3.1,3.1,3.1,3.2,3,3.2,3.6,3.4,4.3,6.9,9.5,10.3,10.1,9.8,9.7,9.7,9.8,9.9,11.1,11,11.6,9.9,10.2,10.8,10.5,9.9,9.8,7.8,7.8,10.3,9.8,9,6.9,5.8,5.7,5.5,3.7,3.3,3.2,3.1,3.4
Building 2,Electricity,KWh,Meter 1,18/01/2014,3.1,3.3,3.3,3.2,3.5,3.4,3.2,3.4,3.2,3.3,3.2,3.5,3.4,3.3,3.2,3.4,3.9,4.1,4,4.4,4.4,4,4.2,4.1,4,4.1,4.1,4.1,4,4,4,4,3.8,4.2,3.5,3.3,3.3,3.2,3.2,3,3.2,3.1,3.1,3.2,3.1,2.8,3.2,3.1
Building 2,Electricity,KWh,Meter 1,19/01/2014,3.4,2.8,3.2,2.8,3.2,2.9,3.3,2.8,3.1,2.9,2.9,2.8,3,2.9,2.8,2.8,2.7,2.8,3,2.7,3.1,2.7,2.7,2.7,2.6,2.8,2.8,2.9,2.8,2.7,2.8,2.6,2.8,2.7,2.7,2.9,2.8,2.6,2.7,2.6,2.7,2.8,2.7,2.8,2.8,2.7,2.7,2.6
Building 2,Electricity,KWh,Meter 1,20/01/2014,2.8,2.8,2.6,2.8,2.8,3.1,3,3.1,3.3,2.9,3.2,3,2.9,4.1,3.8,8.8,10.2,11.3,11.7,11.8,12.2,11.9,13,12.3,11.4,10.9,10.3,11.9,10.2,10.7,10.3,10.9,10,8.7,6.3,7.3,9,8.6,8.3,6.1,5.9,5.8,5.7,3.5,3.2,3.2,3.1,3.3
Building 2,Electricity,KWh,Meter 1,21/01/2014,3,3.4,3.2,3.2,3.3,3.6,3.3,3.5,3.6,3.3,3.5,3.5,3.2,4,3.9,5.3,5.8,5.6,7,9.7,10.3,10.5,10.2,9.4,10,11,11.2,11.1,12.1,11.4,10,9.7,7.5,6.6,8.6,9.3,8.6,7.6,6.2,6,6,5.8,4.1,3.3,4.4,3.3,3.5,3.4
Building 2,Electricity,KWh,Meter 1,22/01/2014,3.6,3.3,3.2,3.3,3.5,3.4,3.6,3.3,3.5,3.5,3.4,3.8,3.3,4.1,4.5,4.8,4.4,9,9.1,10.4,10.9,10,10.9,10.2,10.8,10.2,10.3,10.6,10.1,9.5,8.8,9.6,8.1,6.2,6,8.8,8.8,8,7.2,5.2,5.6,5.5,4.8,3.3,3.8,3.3,3.4,3.3
Building 2,Electricity,KWh,Meter 1,23/01/2014,3.4,3.3,3.2,3.3,3.3,3.9,3.6,3.6,3.6,3.7,3.4,3.6,3.7,4.1,4.6,5.3,5.5,7,10.8,10.6,10.9,11.2,11,11.6,10.6,10.2,10.2,10.1,9.9,10.4,11.1,10.6,8.2,6.2,6.6,9.1,8.9,8.4,7,5.9,5.8,5.6,4.3,3.1,3.7,3.2,3.4,3.1
Building 2,Electricity,KWh,Meter 1,24/01/2014,3.2,3.3,3.3,3.3,3.3,3.4,3.6,3.3,3.4,3.6,3.5,3.5,3.5,4,4.8,4.9,5.1,5.6,5.5,10.9,10,10.3,11.2,12.1,10.6,11.4,10.3,9.9,9.8,9.3,10.2,9.8,9.3,6.7,6.3,6.8,9.1,8.9,8.5,6.8,5.8,5.8,5.9,4.5,3.2,3.3,3.3,3.3
Building 2,Electricity,KWh,Meter 1,25/01/2014,3.2,3.3,3.2,3.3,3.2,3.2,3.1,3.3,3.1,3.4,3.2,3.3,3,3.3,3.2,3.2,3.3,3.2,3.1,3.2,3.1,3.5,3.1,3.3,3.3,3.2,3.2,3.1,3.4,3,3.2,3.4,3.1,2.8,2.9,2.8,2.7,2.9,2.9,2.8,2.8,2.8,2.9,2.8,3,2.9,3.1,2.7
Building 2,Electricity,KWh,Meter 1,26/01/2014,2.8,2.8,2.7,2.8,3.1,2.9,2.7,2.6,3,2.9,2.9,2.8,3,2.8,2.9,2.8,3.1,3,3.3,3.2,3.2,3.2,3.4,3.2,3.1,3.2,3.3,2.9,3.2,2.7,2.8,2.8,3,2.7,2.9,2.6,2.9,2.7,2.8,3,2.7,2.9,2.7,2.9,2.7,2.9,3,2.8
Building 2,Electricity,KWh,Meter 1,27/01/2014,2.8,2.9,2.7,2.9,2.9,3.4,3.3,3.1,3.3,3.1,3.1,3.1,3.1,4.3,4.1,4.6,5,7.3,11.1,10.9,11.2,10.9,11.2,10.4,11.8,11.1,10.4,9.7,10.6,9.7,9.8,8.7,7.6,5.7,7,8.7,8.4,7.9,6.1,5.6,5.6,5.6,5.5,4.1,3.4,3.7,3.2,3.4
Building 2,Electricity,KWh,Meter 1,28/01/2014,3.2,3.3,3.5,3.3,3.4,3.6,3.5,3.6,3.4,3.7,3.6,3.6,3.4,4.1,4,5.4,5.4,5.7,6,5.4,6.1,9.8,10.3,9.8,9.5,9.3,9.7,9.6,9.8,9.2,9.3,8.7,8.9,8.7,6.3,6.5,8.8,8.8,8.2,7.4,6,5.8,5.7,4.1,3.1,3.3,3,3.5
Building 2,Electricity,KWh,Meter 1,29/01/2014,3.1,3.4,3.2,3.2,3.2,3.5,3.5,3.5,3.4,3.4,3.2,3.5,3.2,4.1,4.1,4.5,4.6,5.5,10.4,10.1,10.8,10.2,9.9,9.8,9.3,9.4,9.3,10.1,10.8,12.1,9.5,10.5,8.7,8.6,8.4,8.3,5.7,5.7,5.7,5.5,4.2,3.5,4,3.3,3.7,3.2,3.6,3.4
Building 2,Electricity,KWh,Meter 1,30/01/2014,3.7,3.2,3.4,3.2,3.5,3.7,3.6,3.9,3.3,3.6,3.6,3.6,3.4,4.2,4.4,5.1,5,5,5.2,6.8,8.7,11.3,11.2,11.9,11.8,11.5,11.2,11.5,11.3,10.6,10.5,9.9,8.7,6.9,6.3,8.2,9.1,8.3,7.8,5.9,5.9,5.6,4.4,3.2,3.5,3.3,3.3,3.1
Building 2,Electricity,KWh,Meter 1,31/01/2014,3.4,3.1,3.2,3.3,3.4,3.4,3.6,3.5,3.5,3.5,3.6,3.4,3.4,4.1,4.8,5.1,6.3,5.5,5.4,5.5,7.4,10.9,9.7,11.1,11.1,10.8,11.1,10.5,11.2,10.5,10.3,9.3,7.6,8.7,8.6,8.5,5.9,5.6,5.8,5.6,5.4,4.9,3.3,3.9,3.3,3.4,3.3,3.4
Building 2,Electricity,KWh,Meter 1,01/02/2014,3.4,3.4,3.1,3.4,3.2,3.4,3.1,3.3,3.3,3.1,3.3,3.1,3.3,3.3,3.4,3.3,3.6,3.1,3.5,3.1,3.5,3.1,3.6,3.2,3.5,3.4,3.3,3.3,3.5,3.4,3.3,3.3,3.4,3.2,3.3,3.2,3.5,3.1,3.3,3.3,3.5,3.3,3.2,3.4,3.3,3.3,3.1,3.1
Building 2,Electricity,KWh,Meter 1,02/02/2014,3.4,3.2,3.2,3,3.1,3,2.9,2.7,3.4,2.9,2.9,2.7,3,2.8,3.1,3,3.1,2.9,2.9,2.8,2.8,2.8,3,2.9,2.7,2.8,2.7,2.9,2.7,3,2.7,2.7,2.8,2.9,2.7,2.8,2.8,2.8,2.7,2.7,2.9,2.9,2.7,2.9,2.8,2.8,2.8,2.9
Building 2,Electricity,KWh,Meter 1,03/02/2014,2.8,2.9,2.7,3,3,3.4,3.3,3.2,3.2,3.3,3.3,3.3,3.4,4.2,4.2,4.9,9.1,11.5,11.5,11.1,10.7,10.5,10.3,12.1,11.2,10.2,9.9,9.8,9.9,10.4,10.4,10.3,8.1,7,8,9.4,8.9,8.6,6.2,6,5.9,4.3,3.3,3.9,3.4,3.3,3.1,3.3
Building 2,Electricity,KWh,Meter 1,04/02/2014,3.3,3.3,3.2,3.5,3.4,3.6,3.4,3.7,3.5,3.5,3.6,3.8,3.5,4.3,4.6,5,5.6,6,5.2,7.9,9.5,9.1,9.4,11.4,10.7,10.2,9.3,9.6,10.2,10.2,9.8,9.3,7.7,6.4,7.1,9,8.5,8.2,6.7,5.6,5.7,5.8,5.7,5.5,4.6,3.5,4.5,5.7
Building 2,Electricity,KWh,Meter 1,05/02/2014,4.5,3.5,4.4,5.6,3.6,3.5,4,3.6,3.8,3.6,3.7,3.7,3.7,4,4.4,4.7,5.4,5.3,8,9.2,8.7,9.4,8.5,8.5,9.7,10.1,9.9,9.9,8.9,9,8.6,7.3,7.9,9.3,8.6,8.6,6.2,6,5.4,4.5,3.4,4,4.6,3.1,4,3.8,2.8,4.2
Building 2,Electricity,KWh,Meter 1,06/02/2014,3,3.1,3.4,2.7,3.1,3.1,3.2,3.3,3.2,3.3,3.2,3,3.2,3.6,4.4,4.7,4.8,4.8,6.1,9.7,10.3,10.6,10.7,11,10.2,10.5,9.9,11,10.6,9.2,9.3,9.2,8.5,5.8,5.6,8.3,8.1,7.6,6.4,5,5.4,4.9,3,2.7,2.9,2.8,2.8,3
Building 2,Electricity,KWh,Meter 1,07/02/2014,3,2.8,3,2.8,2.9,3.2,3.4,3.5,3.3,3.1,3.4,3.3,3.4,3.9,4.6,4.7,5,5.8,8.6,10.4,10.1,10.8,10.5,10.8,10.9,10,10.6,10.3,9.9,9.3,10.2,10.6,10.3,9.3,8.5,6.1,5.9,8,8,7.7,6,5.3,5.2,5.2,5.2,5,5.1,2.9
Building 2,Electricity,KWh,Meter 1,08/02/2014,3.3,3.6,2.9,4,2.9,3.4,2.9,2.9,2.9,3,3.2,2.9,3.1,3.2,3,2.9,3.1,3.1,2.9,2.9,3.5,3,3.1,3,3.4,3,3.2,3.2,3.2,3.2,3.4,3.1,3,3.3,3.3,3.1,2.9,3,3.1,3.4,3,3.6,2.9,3.5,3.2,4,3,3.2
Building 2,Electricity,KWh,Meter 1,09/02/2014,4.3,3.2,3.1,2.9,3,2.9,3,2.9,3,3,3.5,3,3.3,3.2,3.3,3.2,3.3,3.3,3.1,3.3,3,3.4,3.1,3.4,2.9,2.9,2.8,3,2.9,2.8,2.9,2.7,2.7,2.8,2.9,2.8,2.6,2.7,2.7,3,2.6,2.9,2.6,2.8,2.6,2.7,2.7,2.7
Building 2,Electricity,KWh,Meter 1,10/02/2014,2.9,2.7,2.5,2.5,2.7,3,2.6,3.1,2.7,2.9,3,3,2.8,3.9,4.7,7.4,9.3,10.9,10.6,10.3,9.8,10.2,11.4,10.1,9.9,9.8,10.2,9.7,10.2,9.4,10,9.6,6.9,5.6,7,8,8,7.5,5.3,5.1,5,3.5,3,3.2,2.8,3,2.8,2.8
Building 2,Electricity,KWh,Meter 1,11/02/2014,3,3,2.9,3,3,3.3,3.1,3.4,3.1,3.2,3.2,3.3,3.2,3.9,4.6,4.6,4.6,5.2,5,10.9,11,9.5,10.6,10.9,11,11.2,10.5,9.2,9.3,9.5,9.6,8.8,7.8,5.9,6.5,9.1,8.6,8,7.2,5.6,5.7,5.3,4.4,3,4.1,3,3.1,3.5
Building 2,Electricity,KWh,Meter 1,12/02/2014,3,3.3,3.1,3.2,3,3.3,3.3,3.2,3.1,3.4,3.2,3.3,3.1,3.9,4.2,5.2,4.9,5,5,4.9,6.8,11.3,10,9.6,9.7,10.2,10,10.7,10.4,10.3,10.5,8.8,7,6.5,8.4,8.6,7.9,7.1,5.4,5.4,5.6,5.2,5.3,3.3,3.1,4.2,3,4.3
Building 2,Electricity,KWh,Meter 1,13/02/2014,3.2,3,3.2,3.1,3.3,3.3,3.7,3.1,3.1,3.2,3.3,3.3,3.3,3.9,4,4.5,5,6.8,9.6,10.3,10.5,10.7,10.2,10.6,10.6,9.8,9.5,9.2,8.8,9.4,9.9,13.6,10.6,10,7.8,6.4,7.7,8.9,8.2,7.9,5.9,5.6,5.9,5.7,5.4,3.1,3.1,3.6
Building 2,Electricity,KWh,Meter 1,14/02/2014,3,3.4,3,3.2,3.1,3.3,3.2,3.3,3,3.4,3.2,3.3,3.1,3.8,4.3,4.9,6.9,8.7,8.8,9.3,8.9,9.7,10.6,10.3,9.7,10.2,8.9,8.4,8.5,9.4,9.1,8.8,8.9,7,6.5,8,8.8,8.1,7.5,5.9,5.8,5.2,4.5,2.8,3.9,5.2,4,3.4
Building 2,Electricity,KWh,Meter 1,15/02/2014,4.5,5.4,5.3,3.1,3.2,5.3,4.1,3.2,4.5,4.2,3,4.2,3.6,3.4,3.4,3.1,4,3,3.1,3,3.4,3.2,3.2,3,3.1,3,3.2,2.8,2.7,2.9,2.7,2.8,2.7,2.9,2.7,2.9,2.6,2.8,2.7,2.8,3,2.8,2.6,2.7,2.4,2.7,2.8,2.8
Building 2,Electricity,KWh,Meter 1,16/02/2014,2.7,2.6,2.5,2.7,2.7,2.9,2.4,2.6,2.6,2.7,2.5,2.7,2.7,2.7,2.6,2.7,2.5,2.6,2.5,2.8,2.4,2.7,2.6,2.4,2.5,2.5,2.8,2.6,2.3,2.6,2.6,2.5,2.4,2.6,2.5,2.5,2.5,2.4,2.6,2.6,2.8,2.4,2.5,2.5,2.5,2.4,2.6,2.7
Building 2,Electricity,KWh,Meter 1,17/02/2014,2.6,2.6,2.6,2.5,2.7,2.9,3.1,3,2.9,3,3,3,3,4.2,4.1,8.2,8,8.7,8.3,8.3,8.7,10.9,10.9,11.4,12.3,11.8,11.6,11.4,11.4,11.3,9.1,7.8,8.7,9,8.4,7.4,5.8,5.6,4.3,2.9,3.4,2.9,3,2.8,2.9,2.9,3.1,2.9
Building 2,Electricity,KWh,Meter 1,18/02/2014,2.9,2.9,3,3,2.9,3.1,3.2,3.3,3,3.2,3.4,3.1,3,3.7,3.5,4.6,4.4,4.6,4.8,5.2,7.1,8.4,8.1,7.4,7.5,7.2,7.2,7.2,6.1,7.5,8.7,8.7,7.8,5.4,3.8,3,2.6,2.6,2.8,2.5,2.5,2.6,2.7,2.7,2.6,2.5,2.5,2.5
Building 2,Electricity,KWh,Meter 1,19/02/2014,2.5,2.4,2.7,2.4,2.7,2.7,3,2.8,2.8,2.9,2.9,2.9,2.7,3.3,3.7,4,5,4.8,7.4,9.2,9.5,10.2,11,11.4,12.2,12.5,10.5,10.2,9.9,9.1,8,7.5,8.6,8.7,8.5,7.5,5.7,5.4,5.6,5.1,3,3,3.1,2.9,3,2.8,3,3
Building 2,Electricity,KWh,Meter 1,20/02/2014,3.1,3.1,2.8,2.8,3.1,3.1,3.3,3.2,3.2,3.5,3.3,3.1,3.3,3.8,3.7,4.5,5.8,4.9,5,4.9,7.4,9.9,9.2,10.8,10.5,10.4,10.4,11.6,10.4,9.7,8.2,7.9,8.2,8.9,8.2,7.6,5.5,5.5,5.4,5.3,5.2,2.8,3,3.2,2.9,2.9,2.9,3
Building 2,Electricity,KWh,Meter 1,22/02/2014,4,3,3.6,2.9,3.2,2.9,3,3,3,3.1,3,2.9,3.1,2.9,2.9,2.9,3.1,2.9,3.1,3.5,3,3.4,3.4,3.6,3,3.1,3.1,3.3,3.1,3,2.6,2.8,2.6,2.7,2.7,2.9,2.8,2.7,2.6,2.9,2.7,2.8,2.8,3,3,3,2.8,3.1
Building 2,Electricity,KWh,Meter 1,23/02/2014,2.8,2.9,2.9,3.1,2.8,3,2.8,3,2.8,2.9,3,3,2.9,3,2.8,2.8,2.7,3.1,2.8,3,2.9,3,2.9,3,3.2,3.1,3,2.8,2.8,2.7,2.7,2.7,2.6,2.5,2.6,2.5,2.7,2.6,2.8,2.5,2.7,2.6,2.6,2.5,2.8,2.6,2.7,2.6
Building 2,Electricity,KWh,Meter 1,24/02/2014,2.6,2.6,2.5,2.8,2.7,3,3,3,3,2.9,3,3.2,3,4,3.4,4.6,4.9,9.3,9.4,8.9,8.7,8.2,9,8.9,8.9,9,8.9,8.8,8.2,8.3,7.4,7.2,9.3,8.6,8.2,6.7,5.7,5.6,5.2,4.3,3.1,3.2,2.8,3.2,2.9,3,2.9,2.9
Building 2,Electricity,KWh,Meter 1,25/02/2014,3.1,2.9,3,2.9,3.1,3.2,3.2,3.2,3.4,2.8,3,2.8,3,3.5,3.4,4.7,5.2,10.3,10.8,10.5,11.3,11,10.1,9.8,11,10.6,9.4,9.7,9.5,10.3,10,9,6.9,6.6,8.6,8.3,8.4,6.3,5.5,5.7,5.3,3.8,2.9,3.3,2.9,3.2,2.8,3
Building 2,Electricity,KWh,Meter 1,26/02/2014,3,3,3,3.1,3.2,3.3,3.3,3.4,3.3,3.3,3.2,3.3,3.1,3.7,3.8,3.7,3.8,6.2,7.7,8.2,8.4,8,8.5,8.7,8.5,8.4,9,8.8,7.7,7.7,7.3,7.4,9.1,8.2,8,5.9,5.3,5,2.6,2.9,3.2,2.9,3.3,2.9,3,2.9,3.1,3
Building 2,Electricity,KWh,Meter 1,27/02/2014,3.1,3,3.3,3,3.2,3.2,3.4,3.3,3.4,3.3,3.6,3.2,3.2,3.7,3.4,4.3,4.6,5.2,5,4.5,8.4,9.3,10,11.5,11.8,10.8,9.6,10.1,9.8,9.8,9.7,9.2,8.8,6.9,5.7,6.8,8.5,7.9,7.7,5.3,5.2,5.2,5.2,3.2,3.1,3.4,3,3.3
Building 2,Electricity,KWh,Meter 1,28/02/2014,3,3.3,2.9,3.3,3.3,3.4,3.3,3.5,3.4,3.3,3.4,3.5,3.3,3.9,3.5,3.8,4.3,4.6,7.8,8.7,9.5,9.6,9.1,8.7,8.8,9.4,9.3,8.6,9.2,9.1,8.6,8.7,8.3,8.4,8.2,7.1,6.6,8.6,8.3,7.9,6,5.5,5.6,5,3.2,2.9,3.2,2.8
Building 2,Electricity,KWh,Meter 1,01/03/2014,3.1,3,2.8,2.8,2.9,2.8,2.7,2.6,3.2,2.8,2.8,2.9,2.8,2.7,2.8,2.9,2.7,2.6,2.6,2.5,3,3,2.9,2.7,2.7,2.8,2.6,2.5,2.7,2.6,2.8,2.4,2.7,2.4,2.6,2.5,2.8,2.8,2.4,2.6,2.5,2.5,2.8,2.8,2.6,2.6,2.6,2.6
Building 2,Electricity,KWh,Meter 1,02/03/2014,2.7,2.7,2.8,2.7,2.6,2.6,2.6,2.6,2.7,2.9,2.7,2.8,2.7,2.7,2.6,2.7,2.8,2.7,2.5,2.6,2.5,2.8,2.6,2.8,2.7,2.8,2.7,2.8,2.8,2.7,2.8,2.6,2.6,2.7,2.5,2.9,2.5,2.7,2.6,2.7,2.7,2.5,2.5,2.8,2.6,2.6,2.7,2.6
Building 2,Electricity,KWh,Meter 1,03/03/2014,2.6,2.5,2.8,2.7,2.9,3,3,3.1,3,3.2,3.1,3,3.1,4.1,5.4,9.8,10.4,10.4,10.7,11,10.4,9.8,9.7,10.7,10.3,9.3,9.5,9.9,9.7,9.4,9.8,9.8,8.2,6,5.5,8.3,8.5,7.5,6.8,5.2,5.1,5.1,4.5,2.8,3.1,2.9,2.8,2.9
Building 2,Electricity,KWh,Meter 1,04/03/2014,3,2.9,3,2.8,3.1,3,3.3,3.2,3.2,3.2,3.1,3.2,3.1,3.9,4.1,4.5,6.9,7.6,8,7.5,8.6,8.3,7.9,8,8,9.2,8.7,9.5,8,8.2,7,6.7,8.7,8.6,8.2,6.9,5.6,5.5,5.2,3.4,2.8,3,2.8,3.2,3,3.1,3,2.9
Building 2,Electricity,KWh,Meter 1,05/03/2014,2.9,3,2.5,3.2,3.2,3,3.1,3.3,2.9,3.3,3.1,3.2,5.4,7,7.5,7.8,7.7,9.6,10.6,10.8,11.1,9.2,9.4,9.3,8.9,9.3,8.8,8.4,8.6,8.9,7.8,8.4,9.2,8.5,8.5,6.1,5.8,6,5.3,3.2,3.5,3.3,3.2,3.2,3.4,3.5,3.2,3.4
